date,content,likes,retweets,replies
2024-12-31 19:41:44+00:00,MAKE AMERICA GREAT AGAIN! https://t.co/IirB0lIah7,432396,63002,29358
2025-01-06 02:11:01+00:00,"Members of Congress are getting to work on one powerful Bill that will bring our Country back, and make it greater than ever before. We must Secure our Border, Unleash American Energy, and Renew the Trump Tax Cuts, which were the largest in History, but we will make it even better - NO TAX ON TIPS. IT WILL ALL BE MADE UP WITH TARIFFS, AND MUCH MORE, FROM COUNTRIES THAT HAVE TAKEN ADVANTAGE OF THE U.S. FOR YEARS. Republicans must unite, and quickly deliver these Historic Victories for the American People. Get smart, tough, and send the Bill to my desk to sign as soon as possible. MAKE AMERICA GREAT AGAIN!",287911,45125,20714
2025-01-03 05:22:32+00:00,TRUMP WAS RIGHT ABOUT EVERYTHING!,513319,53396,28785
2025-01-03 05:22:11+00:00,"Our Country is a disaster, a laughing stock all over the World! This is what happens when you have OPEN BORDERS, with weak, ineffective, and virtually nonexistent leadership. The DOJ, FBI, and Democrat state and local prosecutors have not done their job. They are incompetent and corrupt, having spent all of their waking hours unlawfully attacking their political opponent, ME, rather than focusing on protecting Americans from the outside and inside violent SCUM that has infiltrated all aspects of our government, and our Nation itself. Democrats should be ashamed of themselves for allowing this to happen to our Country. The CIA must get involved, NOW, before it is too late. The USA is breaking down - A violent erosion of Safety, National Security, and Democracy is taking place all across our Nation. Only strength and powerful leadership will stop it. See you on January 20th. MAKE AMERICA GREAT AGAIN!",429166,64055,29904
2025-01-03 05:21:51+00:00,"With the Biden ‚ÄúOpen Border‚Äôs Policy‚Äù I said, many times during Rallies, and elsewhere, that Radical Islamic Terrorism, and other forms of violent crime, will become so bad in America that it will become hard to even imagine or believe. That time has come, only worse than ever imagined. Joe Biden is the WORST PRESIDENT IN THE HISTORY OF AMERICA, A COMPLETE AND TOTAL DISASTER. What he and his group of Election Interfering ‚Äúthugs‚Äù have done to our Country will not soon be forgotten! MAGA",238336,40200,12502
2025-01-03 05:21:18+00:00,"The Tariffs, and Tariffs alone, created this vast wealth for our Country. Then we switched over to Income Tax. We were never so wealthy as during this period. Tariffs will pay off our debt and, MAKE AMERICA WEALTHY AGAIN!",142846,27660,11913
2024-12-30 23:54:11+00:00,"This is a really remarkable chart of tariffs as % of total federal revenue. The Second Industrial Revolution, perhaps the most fertile era for technology development and deployment in human history, was 1870-1914. https://t.co/nn0zt1QVjT",8784,1789,1078
2024-12-31 14:31:48+00:00,"We just won a Historic Landslide and Mandate from the American People, but Senate Democrats are organizing to improperly stall and delay the confirmation process of many of our Great Nominees. They will try all sorts of tricks starting very soon. Republicans must not allow them to do that. We have a Country to run, and many big problems to solve, mostly created by Democrats. REPUBLICANS, BE SMART AND TOUGH!!!",357175,61576,25733
2024-12-25 22:46:14+00:00,https://t.co/dt3qNahL3Q,1066126,105945,34064
2024-12-22 19:30:32+00:00,"A beautiful morning in Phoenix, Arizona at @TPUSA #AMFEST2024. THANK YOU! https://t.co/bMGsEBQGvl",177960,27513,14468
2024-12-15 00:08:54+00:00,"Christmas is coming! The hottest gift is my new book, ‚ÄúSAVE AMERICA.‚Äù No other book captures our Movement, our Campaign, and our FUTURE. Get your copy today! https://t.co/awtik9uN8p https://t.co/YdteHKrdJk",138182,21844,26853
2024-12-14 18:30:55+00:00,https://t.co/IVKeU3dqY6,834131,81340,38388
2024-12-14 06:31:52+00:00,Will be going to the Army/Navy Game tomorrow to root on these fantastic young men. Should be a great game. See you there! DJT,285111,20616,9713
2024-12-13 21:40:17+00:00,"The Republican Party will use its best efforts to eliminate Daylight Saving Time, which has a small but strong constituency, but shouldn‚Äôt! Daylight Saving Time is inconvenient, and very costly to our Nation.",442465,43717,28487
2024-12-12 00:25:26+00:00,"The resignation of Christopher Wray is a great day for America as it will end the Weaponization of what has become known as the United States Department of Injustice. I just don‚Äôt know what happened to him. We will now restore the Rule of Law for all Americans. Under the leadership of Christopher Wray, the FBI illegally raided my home, without cause, worked diligently on illegally impeaching and indicting me, and has done everything else to interfere with the success and future of America. They have used their vast powers to threaten and destroy many innocent Americans, some of which will never be able to recover from what has been done to them. Kash Patel is the most qualified Nominee to lead the FBI in the Agency‚Äôs History, and is committed to helping ensure that Law, Order, and Justice will be brought back to our Country again, and soon. As everyone knows, I have great respect for the rank-and-file of the FBI, and they have great respect for me. They want to see these changes every bit as much as I do but, more importantly, the American People are demanding a strong, but fair, System of Justice. We want our FBI back, and that will now happen. I look forward to Kash Patel‚Äôs confirmation, so that the process of Making the FBI Great Again can begin. Thank you!",363475,59214,21553
2024-12-07 16:32:43+00:00,"Opposition fighters in Syria, in an unprecedented move, have totally taken over numerous cities, in a highly coordinated offensive, and are now on the outskirts of Damascus, obviously preparing to make a very big move toward taking out Assad. Russia, because they are so tied up in Ukraine, and with the loss there of over 600,000 soldiers, seems incapable of stopping this literal march through Syria, a country they have protected for years. This is where former President Obama refused to honor his commitment of protecting the RED LINE IN THE SAND, and all hell broke out, with Russia stepping in. But now they are, like possibly Assad himself, being forced out, and it may actually be the best thing that can happen to them. There was never much of a benefit in Syria for Russia, other than to make Obama look really stupid. In any event, Syria is a mess, but is not our friend, & THE UNITED STATES SHOULD HAVE NOTHING TO DO WITH IT. THIS IS NOT OUR FIGHT. LET IT PLAY OUT. DO NOT GET INVOLVED!",470022,70055,37154
2024-12-06 05:04:20+00:00,"A GREAT HONOR, THANK YOU! https://t.co/ALfxh0BDX5",210923,32600,13109
2024-12-04 17:16:42+00:00,"I am delighted to nominate Jared Isaacman, an accomplished business leader, philanthropist, pilot, and astronaut, as Administrator of the National Aeronautics and Space Administration (NASA). Jared will drive NASA‚Äôs mission of discovery and inspiration, paving the way for groundbreaking achievements in Space science, technology, and exploration.
¬†
Over the past 25 years, as the Founder and CEO of Shift4, Jared has demonstrated exceptional leadership, building a trailblazing global financial technology company. He also co-founded and served as CEO of Draken International, a defense aerospace company, for over a decade, supporting the U.S. Department of Defense, and our Allies.
¬†
Jared‚Äôs passion for Space, astronaut experience, and dedication to pushing the boundaries of exploration, unlocking the mysteries of the universe, and advancing the new Space economy, make him ideally suited to lead NASA into a bold new Era.
¬†
Congratulations to Jared, his wife Monica, and their children, Mila and Liv!",246328,29481,13447
2024-11-30 23:57:43+00:00,"The idea that the BRICS Countries are trying to move away from the Dollar while we stand by and watch is OVER. We require a commitment from these Countries that they will neither create a new BRICS Currency, nor back any other Currency to replace the mighty U.S. Dollar or, they will face 100% Tariffs, and should expect to say goodbye to selling into the wonderful U.S. Economy. They can go find another ‚Äúsucker!‚Äù There is no chance that the BRICS will replace the U.S. Dollar in International Trade, and any Country that tries should wave goodbye to America.",504723,75209,56935
2024-11-28 23:43:29+00:00,https://t.co/FhHeS8WdrK,447703,64432,22496
2024-11-28 13:33:21+00:00,"Happy Thanksgiving to all, including to the Radical Left Lunatics who have worked so hard to destroy our Country, but who have miserably failed, and will always fail, because their ideas and policies are so hopelessly bad that the great people of our Nation just gave a landslide victory to those who want to MAKE AMERICA GREAT AGAIN! Don‚Äôt worry, our Country will soon be respected, productive, fair, and strong, and you will be, more than ever before, proud to be an American!",865913,99607,50275
2024-12-31 19:41:44+00:00,MAKE AMERICA GREAT AGAIN! https://t.co/IirB0lIah7,432396,63002,29358
2024-11-25 20:41:14+00:00,"These cases, like all of the other cases I have been forced to go through, are empty and lawless, and should never have been brought. Over $100 Million Dollars of Taxpayer Dollars has been wasted in the Democrat Party‚Äôs fight against their Political Opponent, ME. Nothing like this has ever happened in our Country before. They have also used State Prosecutors and District Attorneys, such as Fani Willis and her lover, Nathan Wade (who had absolutely zero experience in cases such as this, but was paid MILLIONS, enough for them to take numerous trips and cruises around the globe!), Letitia James, who inappropriately, unethically, and probably illegally, campaigned on ‚ÄúGETTING TRUMP‚Äù in order to win Political Office, and Alvin Bragg, who himself never wanted to bring this case against me, but was forced to do so by the Justice Department and the Democrat Party. It was a political hijacking, and a low point in the History of our Country that such a thing could have happened, and yet, I persevered, against all odds, and WON. MAKE AMERICA GREAT AGAIN!",412107,66513,30856
2024-11-20 18:40:58+00:00,"JUSTICE FOR LAKEN RILEY! The Illegal who killed our beloved Laken Riley was just found GUILTY on all counts for his horrific crimes. Although the pain and heartbreak will last forever, hopefully this can help bring some peace and closure to her wonderful family who fought for Justice, and to ensure that other families don‚Äôt have to go through what they have. We love you, Laken, and our hearts will always be with you. It is time to secure our Border, and remove these criminals and thugs from our Country, so nothing like this can happen again!",455703,57320,20862
2024-11-20 17:57:51+00:00,The Democrats are trying to stack the Courts with Radical Left Judges on their way out the door. Republican Senators need to Show Up and Hold the Line ‚Äî No more Judges confirmed before Inauguration Day!,319103,59793,20053
2024-11-20 17:17:15+00:00,RT @DanScavino: .@SpaceX StarshipüöÄüá∫üá∏ü¶Ö https://t.co/hiliGwkW9p,0,12149,0
2024-11-19 22:08:38+00:00,.@SpaceX StarshipüöÄüá∫üá∏ü¶Ö https://t.co/hiliGwkW9p,72988,12149,3736
2024-11-19 21:36:32+00:00,RT @SpaceX: Watch Starship's sixth flight test ‚Üí https://t.co/oIFc3u9laE https://t.co/acpdO2brbP,0,13724,0
2024-11-16 17:41:03+00:00,Watch Starship's sixth flight test ‚Üí https://t.co/oIFc3u9laE https://t.co/acpdO2brbP,60907,13724,4181
2024-11-19 19:33:01+00:00,"I‚Äôm heading to the Great State of Texas to watch the launch of the largest object ever to be elevated, not only to Space, but simply by lifting off the ground. Good luck to @ElonMusk and the Great Patriots involved in this incredible project!",280816,32065,9412
2024-11-19 15:24:36+00:00,"All systems and weather are looking good for today's flight test of Starship.

The live launch webcast on @X will go live ~40 minutes before liftoff, which is targeted for 4:00 p.m. CT ‚Üí https://t.co/1xyLhQKE2N https://t.co/lqy2CsL4vz",34931,5236,1240
2024-11-17 18:05:41+00:00,THANK YOU TO THE GREAT DANA WHITE AND #UFC309! https://t.co/0zsThFsyTD,356827,41129,11326
2024-11-17 18:03:48+00:00,"RT @DanScavino: President @realDonaldTrump entering The World‚Äôs Most Famous Arena, Madison Square Garden‚Äîin New York City with @danawhite, @DonaldJTrumpJr, @EricTrump, @elonmusk, @RobertKennedyJr, @VivekGRamaswamy, @TulsiGabbard, @KidRock, and @SpeakerJohnson‚Ä¶

‚ÄúTHE MAN IN THE ARENA‚Äù
#POTUS4547 #UFC309",0,12458,0
2024-11-17 03:09:10+00:00,"President @realDonaldTrump entering The World‚Äôs Most Famous Arena, Madison Square Garden‚Äîin New York City with @danawhite, @DonaldJTrumpJr, @EricTrump, @elonmusk, @RobertKennedyJr, @VivekGRamaswamy, @TulsiGabbard, @KidRock, and @SpeakerJohnson‚Ä¶

‚ÄúTHE MAN IN THE ARENA‚Äù
#POTUS4547 #UFC309",61997,12458,3017
2024-11-16 11:59:55+00:00,‚ÄúTHEY SAID HE WAS DONE FOREVER‚Äù https://t.co/arqDRl9g6D,282570,56066,13371
2024-11-14 21:13:32+00:00,"I am thrilled to announce Robert F. Kennedy Jr. as The United States Secretary of Health and Human Services (HHS). For too long, Americans have been crushed by the industrial food complex and drug companies who have engaged in deception, misinformation, and disinformation when it comes to Public Health. The Safety and Health of all Americans is the most important role of any Administration, and HHS will play a big role in helping ensure that everybody will be protected from harmful chemicals, pollutants, pesticides, pharmaceutical products, and food additives that have contributed to the overwhelming Health Crisis in this Country. Mr. Kennedy will restore these Agencies to the traditions of Gold Standard Scientific Research, and beacons of Transparency, to end the Chronic Disease epidemic, and to Make America Great and Healthy Again!",881958,130795,49930
2024-11-14 03:11:25+00:00,https://t.co/aXDfu4Q4md,192520,31126,8727
2024-11-13 21:23:03+00:00,https://t.co/vubA3ICEyG,193955,27374,12484
2024-11-13 21:21:48+00:00,https://t.co/4lCRczNHDo,187750,24217,5010
2024-11-13 21:21:34+00:00,https://t.co/sB5cqjtqM4,83304,12942,4822
2024-11-13 21:21:19+00:00,https://t.co/jCNiai0hKc,95828,16168,2354
2024-11-13 13:17:10+00:00,Thank you ‚Äî So beautiful!!! https://t.co/zPLgq08xIv,496862,37589,10593
2024-11-13 11:21:12+00:00,https://t.co/042NfHZOQU,313793,36393,8758
2024-11-13 11:20:52+00:00,https://t.co/fPSZoe9S5c,156687,22554,3799
2024-11-13 11:20:24+00:00,https://t.co/jVxEwyJkzO,178465,23117,7180
2024-11-13 11:18:44+00:00,https://t.co/aKvxTVik9J,70604,11131,1847
2024-12-31 19:41:44+00:00,MAKE AMERICA GREAT AGAIN! https://t.co/IirB0lIah7,432396,63002,29358
2024-11-13 11:18:01+00:00,https://t.co/InjOBZ4Xpn,80091,12586,1496
2024-11-13 11:17:46+00:00,https://t.co/iG62GDzXZ9,92174,13295,2813
2024-11-12 22:39:01+00:00,https://t.co/vjRLqAVGde,431294,43032,7431
2024-11-12 22:18:51+00:00,https://t.co/GfHUFsRnv3,93536,14863,4671
2024-11-12 22:16:38+00:00,https://t.co/dhQSAED9pJ,236090,25233,8233
2024-11-12 22:15:56+00:00,https://t.co/0C8DjDtqo5,129713,16072,3246
2024-11-12 22:15:40+00:00,https://t.co/iSL3XQbHul,123878,16632,6247
2024-11-11 18:25:04+00:00,https://t.co/qH4jDmLF9h,782965,70447,23659
2024-11-10 22:15:18+00:00,HAPPY 249TH BIRTHDAY TO OUR GREAT U.S. MARINES!!!,385338,44776,9997
2024-11-10 14:00:19+00:00,"Happy Birthday, Marines! 

Today, we celebrate 249 years of unmatched courage, unwavering dedication, and a legacy of service that has shaped our nation‚Äôs history. https://t.co/7H5dqpjo0z",49583,11617,2974
2024-11-10 19:21:22+00:00,"Any Republican Senator seeking the coveted LEADERSHIP position in the United States Senate must agree to Recess Appointments (in the Senate!), without which we will not be able to get people confirmed in a timely manner. Sometimes the votes can take two years, or more. This is what they did four years ago, and we cannot let it happen again. We need positions filled IMMEDIATELY! Additionally, no Judges should be approved during this period of time because the Democrats are looking to ram through their Judges as the Republicans fight over Leadership. THIS IS NOT ACCEPTABLE. THANK YOU!",389981,75785,18528
2024-11-10 00:16:21+00:00,"I am very surprised that the Democrats, who fought a hard and valiant fight in the 2020 Presidential Election, raising a record amount of money, didn‚Äôt have lots of $‚Äôs left over. Now they are being squeezed by vendors and others. Whatever we can do to help them during this difficult period, I would strongly recommend we, as a Party and for the sake of desperately needed UNITY, do. We have a lot of money left over in that our biggest asset in the campaign was ‚ÄúEarned Media,‚Äù and that doesn‚Äôt cost very much. MAKE AMERICA GREAT AGAIN!",589153,60129,55053
2024-11-09 05:40:35+00:00,RT @elonmusk: They say red light helps you sleep better https://t.co/XvVFnmcF9O,0,186528,0
2024-11-07 15:27:13+00:00,They say red light helps you sleep better https://t.co/XvVFnmcF9O,1730162,186528,61032
2024-11-06 03:00:33+00:00,"California - 1 More Hour!

Polls are open until 8:00 PM local. If you are in line by the cutoff they must let you vote.

GO NOW and STAY IN LINE!

Find your voting location at the link below!

https://t.co/czQRkZmr59",208515,22621,20672
2024-11-06 02:05:13+00:00,RT @realDonaldTrump: HI REPUBLICANS! IF YOU‚ÄôRE IN LINE‚ÄîSTAY IN LINE‚Ä¶ https://t.co/5vEA2kXZXU,0,105399,0
2024-11-06 00:33:07+00:00,HI REPUBLICANS! IF YOU‚ÄôRE IN LINE‚ÄîSTAY IN LINE‚Ä¶ https://t.co/5vEA2kXZXU,1090999,105399,32192
2024-11-06 02:01:17+00:00,"Montana - 1 More Hour!

Polls are open until 8:00 PM local.

If you are in line by the cutoff they must let you vote.

GO NOW and STAY IN LINE!

Find your voting location at the link below!

https://t.co/czQRkZmr59",89874,12430,3724
2024-11-06 02:01:08+00:00,"Nevada - 1 More Hour!

Polls are open until 7:00 PM local. If you are in line by the cutoff they must let you vote.

GO NOW and STAY IN LINE!

Find your voting location at the link below!
https://t.co/czQRkZmr59",84456,13274,2699
2024-11-06 01:47:25+00:00,"Pennsylvania - Cambria County polling hours have been EXTENDED to 10pm, and Laflin Borough polling hours have been EXTENDED to 9:30pm. STAY IN LINE AND VOTE! https://t.co/czQRkZmYUH",134809,23266,3919
2024-11-06 01:33:22+00:00,RT @realDonaldTrump: GET OUT AND VOTE‚ÄîSTILL TIME LEFT! https://t.co/czQRkZmYUH https://t.co/ZuF4Txvujp,0,25857,0
2024-11-06 00:08:02+00:00,GET OUT AND VOTE‚ÄîSTILL TIME LEFT! https://t.co/czQRkZmYUH https://t.co/ZuF4Txvujp,233549,25857,6987
2024-11-06 01:01:55+00:00,"Wisconsin - 1 More Hour!

Polls are open until 8:00 PM local.

If you are in line by the cutoff they must let you vote.

GO NOW and STAY IN LINE!

Find your voting location at the link below!

https://t.co/czQRkZmr59",80879,13215,2780
2024-11-06 01:01:13+00:00,"Arizona - 1 More Hour!

Polls are open until 7:00 PM local. If you are in line by the cutoff they must let you vote.

GO NOW and STAY IN LINE!

Find your voting location at the link below!https://t.co/czQRkZmr59",61900,9992,1636
2024-12-31 19:41:44+00:00,MAKE AMERICA GREAT AGAIN! https://t.co/IirB0lIah7,432397,63002,29358
2024-11-06 01:00:04+00:00,"Michigan - 1 More Hour!

Polls are open until 8:00 PM local.

If you are in line by the cutoff they must let you vote!

GO NOW and STAY IN LINE!

Find your voting location at the link below!

https://t.co/czQRkZmYUH",60023,10056,1855
2024-11-06 00:59:49+00:00,"New York - 1 More Hour!

Polls are open until 9:00 PM local.

If you are in line by the cutoff they must let you vote.

GO NOW and STAY IN LINE!

Find your voting location at the link below! https://t.co/czQRkZmr59",60892,11223,1610
2024-11-06 00:59:42+00:00,"Iowa - 1 More Hour!

Polls are open until 8:00 PM local.

If you are in line by the cutoff they must let you vote.

GO NOW and STAY IN LINE!

Find your voting location at the link below!

https://t.co/czQRkZmr59",50808,8661,1307
2024-11-06 00:33:07+00:00,HI REPUBLICANS! IF YOU‚ÄôRE IN LINE‚ÄîSTAY IN LINE‚Ä¶ https://t.co/5vEA2kXZXU,1090999,105399,32192
2024-11-06 00:08:02+00:00,GET OUT AND VOTE‚ÄîSTILL TIME LEFT! https://t.co/czQRkZmYUH https://t.co/ZuF4Txvujp,233549,25857,6987
2024-11-06 00:00:56+00:00,"Maine - 1 More Hour!

Polls are open until 8:00 PM local.

If you are in line by the cutoff they must let you vote.

Maine has Ranked Choice Voting.¬†¬†Vote Trump First Choice every round! GO NOW and STAY IN LINE!

Find your voting location: https://t.co/czQRkZmr59",87193,16273,2362
2024-11-06 00:00:05+00:00,"Pennsylvania - 1 More Hour!

Polls are open until 8:00 PM local.

Open until 10:00 PM in Cambria County ONLY.

If you are in line by the cutoff they must let you vote.

GO NOW and STAY IN LINE!

Find your voting location at the link below!

https://t.co/czQRkZmr59",113398,19473,2424
2024-11-05 23:46:08+00:00,https://t.co/b4fRNCt5SM,299807,32120,7990
2024-11-05 21:35:11+00:00,https://t.co/PH2h2teIIO,566192,72981,12939
2024-11-05 20:39:31+00:00,https://t.co/BDohSqF4Z9,233851,36198,5412
2024-11-05 20:28:40+00:00,STAY IN LINE‚ÄîTOO BIG TO RIG! https://t.co/N3xUNg0g4H,140752,26159,3694
2024-11-05 20:04:30+00:00,https://t.co/1ig82Uccji,226636,34406,6453
2024-11-05 18:03:52+00:00,Republicans: We are doing GREAT! Stay on Line. Do not let them move you. STAY ON LINE AND VOTE!,920424,94045,19844
2024-11-05 19:19:46+00:00,"RT @RobertKennedyJr: If you want to see me in Washington, DC, VOTE FOR PRESIDENT TRUMP. üá∫üá∏",0,40735,0
2024-11-05 19:02:39+00:00,"If you want to see me in Washington, DC, VOTE FOR PRESIDENT TRUMP. üá∫üá∏",354560,40735,6195
2024-11-05 18:21:22+00:00,"Your vote will lead us to Greatness.

Your vote will unleash a new GOLDEN AGE!

Your vote will MAKE AMERICA GREAT AGAIN! GREATER THAN EVER BEFORE!

VOTE TRUMP!

#VotedForTrump #Election2024 https://t.co/L4KGAUA7KQ",622881,77820,58041
2024-11-05 18:11:45+00:00,https://t.co/k6jz59fnsE,177949,39959,5688
2024-11-05 18:07:43+00:00,TODAY is our last chance to defeat the corrupt establishment. GET OUT AND VOTE! https://t.co/rexA4e363N,385710,52533,10016
2024-11-05 14:39:28+00:00,"It is now officially ELECTION DAY! This will be the most important day in American History.

Voter enthusiasm is THROUGH THE ROOF because people want to Make America Great Again. That means lines are going to be long!

I need you to deliver your vote no matter how long it takes. STAY IN LINE! 

The Radical Communist Democrats want you to pack up and go home. 

Together, we are going to have a tremendous victory and MAKE AMERICA GREAT AGAIN!",693121,93500,30720
2024-11-05 11:47:25+00:00,https://t.co/gacImboG5S,339097,49680,7980
2024-11-05 07:19:49+00:00,"A GREAT DAY IN NORTH CAROLINA, PENNSYLVANIA, AND MICHIGAN‚ÄîTHANK YOU! 

IT‚ÄôS TIME TO GET OUT AND VOTE‚ÄîSO TOGETHER, WE CAN MAKE AMERICA GREAT AGAIN!!! https://t.co/QrckeupQKi https://t.co/eQisvQHxMZ",190441,28012,5951
2024-12-31 19:41:44+00:00,MAKE AMERICA GREAT AGAIN! https://t.co/IirB0lIah7,432397,63002,29358
2024-11-05 07:18:08+00:00,"RT @TeamTrump: LIVE: President Trump in Grand Rapids, #Michigan 

Text TRUMP to 88022 https://t.co/WosfSV3ezw",0,5055,0
2024-11-05 05:13:43+00:00,"LIVE: President Trump in Grand Rapids, #Michigan 

Text TRUMP to 88022 https://t.co/WosfSV3ezw",25876,5055,1001
2024-11-05 04:40:06+00:00,"Thank you @MegynKelly, a great honor! https://t.co/8vIpEedd02",305257,29624,6025
2024-11-05 04:37:58+00:00,"RT @TrumpWarRoom: THE GREATEST MOVEMENT IN POLITICAL HISTORY.

VOTE, VOTE, VOTE!
https://t.co/vzPdKfzA42",0,5490,0
2024-11-05 01:04:29+00:00,"THE GREATEST MOVEMENT IN POLITICAL HISTORY.

VOTE, VOTE, VOTE!
https://t.co/vzPdKfzA42",33124,5490,1068
2024-11-05 04:37:49+00:00,RT @TrumpWarRoom: President Trump thanks his children at his last Pennsylvania campaign rally. ‚ù§Ô∏è https://t.co/sWYNLzLcZk,0,5289,0
2024-11-05 01:41:29+00:00,President Trump thanks his children at his last Pennsylvania campaign rally. ‚ù§Ô∏è https://t.co/sWYNLzLcZk,37165,5289,995
2024-11-05 04:14:43+00:00,"Thank you for your endorsement, Joe Rogan‚ÄîA great honor! https://t.co/0XQUtMgn9b",724144,77197,8613
2024-11-05 04:06:57+00:00,"Roberto Clemente, the Pride of Puerto Rico, was one of the greatest baseball players in history, and also a tremendous humanitarian. He gave his life helping others, dying in a plane crash while delivering relief supplies to earthquake victims on New Year‚Äôs Eve 1972. He remains a legend in Puerto Rico and in Pittsburgh. It was my pleasure to talk about his legacy with his oldest son, Roberto Jr., at our rally in Pittsburgh. It‚Äôs wonderful to have his support.",220885,31827,4637
2024-11-05 04:04:10+00:00,"A great honor, from a great fighter. Thank you!",355364,28326,3216
2024-11-05 03:39:40+00:00,Growing up Democrat and starting to understand the state of politics over the last few decades I know how I want to live and how I want to raise my family ‚Å¶@realDonaldTrump‚Å© https://t.co/UdGb73IegZ,121605,12028,3822
2024-11-05 03:11:16+00:00,"THANK YOU PITTSBURGH, PENNSYLVANIA! I WILL END INFLATION, I WILL STOP THE INVASION OF CRIMINALS COMING ACROSS OUR BORDER, I WILL STRENGTHEN OUR MILITARY, I WILL RESTORE PEACE IN THE WORLD, and I WILL RESCUE THE AMERICAN DREAM! https://t.co/cy4NOa5J7k",620600,68129,13960
2024-11-05 00:00:17+00:00,Tomorrow is our last chance to defeat the corrupt establishment. GET OUT AND VOTE! #FightForAmerica https://t.co/czQRkZmr59 https://t.co/vKF0bXhBnb,215544,44790,11091
2024-11-04 22:52:44+00:00,"We are building the biggest and broadest coalition in American Political History. This includes record-breaking numbers of Arab and Muslim Voters in Michigan who want PEACE. They know Kamala and her warmonger Cabinet will invade the Middle East, get millions of Muslims killed, and start World War III. VOTE TRUMP, AND BRING BACK PEACE!",251594,40945,9136
2024-11-04 22:50:17+00:00,"THANK YOU‚ÄîREADING, PENNSYLVANIA! 

We are just ONE DAY away from the best jobs, the biggest paychecks, and the brightest economic future the world has ever seen‚Äîbut you must get out and VOTE! #FightForAmerica https://t.co/RVLfXUTwYY",133763,20305,4132
2024-11-04 19:11:23+00:00,https://t.co/9PSLDwcIvq,446868,67949,11123
2024-11-04 18:00:40+00:00,"We are just ONE DAY AWAY from what will be the most important political event in the history of our Country‚Äîbut you have to GET OUT AND VOTE! Together, WE will MAKE AMERICA GREAT AGAIN!!! https://t.co/Xt7VkqTXhF",239933,38109,8798
2024-11-04 15:21:07+00:00,"RT @RobertKennedyJr: VOTE TRUMP. No matter what state you live in, do NOT vote for me. Let's get President Trump back in the White House and me to Washington so we can Make America Healthy Again, end the forever wars, and protect our civil liberties. üá∫üá∏ https://t.co/uwXOQllZIQ",0,45789,0
2024-11-04 14:15:05+00:00,"VOTE TRUMP. No matter what state you live in, do NOT vote for me. Let's get President Trump back in the White House and me to Washington so we can Make America Healthy Again, end the forever wars, and protect our civil liberties. üá∫üá∏ https://t.co/uwXOQllZIQ",191044,45789,6615
2024-11-04 15:03:22+00:00,"https://t.co/czQRkZmr59 
#FightForAmerica https://t.co/ucHm11wySj",78279,22130,3827
2024-11-04 14:39:24+00:00,"MAKE AMERICA GREAT AGAIN! https://t.co/czQRkZmr59 
#FightForAmerica https://t.co/KT1SzCpQpt",204294,40331,12274
2024-11-04 14:13:00+00:00,https://t.co/SK1UHPYZwT,67075,14620,2927
2024-11-04 13:23:13+00:00,https://t.co/gZ1J89f1Nv,382346,63362,10278
2024-11-04 06:37:06+00:00,"A great day in Pennsylvania, North Carolina, and Georgia‚ÄîTHANK YOU! 

Everyone be sure to get out and VOTE!  Go to: https://t.co/czQRkZmr59 https://t.co/jmCyp7uTSu",110009,20088,5351
2024-11-04 03:35:53+00:00,"Mimi Ramirez-Rodriguez was kidnapped and murdered by an illegal alien‚Äîleaving behind a 9 year-old girl. I met her grieving mom Carmen tonight in Georgia. With your vote Tuesday, we will end Kamala‚Äôs invasion and we will not allow illegals to spill one more drop of American blood. https://t.co/BEt6r0LvNy",152329,33516,5327
2024-12-31 19:41:44+00:00,MAKE AMERICA GREAT AGAIN! https://t.co/IirB0lIah7,432397,63003,29358
2024-11-04 03:03:31+00:00,"I was thrilled to be back in GEORGIA tonight, with thousands of proud, hardworking American Patriots! We are just two days away from what will be the most important political event in the history of our Country‚Äîbut you have to GET OUT AND VOTE! https://t.co/BnPJun9DXC",148268,24519,4881
2024-11-04 00:22:23+00:00,RT @NicoleShanahan: It's the people that Make America Great üá∫üá∏ Unity 2024 https://t.co/26YxgpBbFA,0,33030,0
2024-11-03 16:44:53+00:00,It's the people that Make America Great üá∫üá∏ Unity 2024 https://t.co/26YxgpBbFA,103201,33030,5720
2024-11-03 23:56:08+00:00,https://t.co/czQRkZmr59 https://t.co/n9O9bZbQur,74298,17706,3439
2024-11-03 23:28:11+00:00,"KAMALA BROKE IT, BUT I WILL FIX IT! With your VOTE, inflation will END. The border will be SAFE &amp; SECURE. We will have PEACE across the globe. WITH YOUR VOTE, AMERICA WILL ENTER A NEW GOLDEN AGE! Vote TRUMP to MAKE AMERICA GREAT AGAIN! #BringBackTrump https://t.co/q8n2Y21PYw",145578,30966,6774
2024-11-03 23:03:27+00:00,CALIFORNIA! Early Voting ends tomorrow! Let's make this election #TooBigToRig! https://t.co/0g7DLPeh2F https://t.co/1dziCPrWYE,56755,11328,2728
2024-11-03 23:02:38+00:00,MONTANA! You have until tomorrow to vote in-person and request your absentee ballot! Let's #SwampTheVote! https://t.co/azx46QiJo0 https://t.co/zGMIaZOLcf,36578,8803,1527
2024-11-03 23:01:17+00:00,"NEBRASKA! In-person Early Voting ends tomorrow. Get out and vote! Together, we'll make this election #TooBigToRig!
https://t.co/fpykjyATCW https://t.co/OgEhM81Eol",33089,7746,1511
2024-11-03 22:54:18+00:00,"RT @TeamTrump: At Trump rallies, we don't tell Christians to get lost - we tell Christians to vote. It's time to stand up and reclaim our religious freedoms! Christians, this November 5th, get out and vote! #TooBigToRig 

https://t.co/eHpQYpgYbZ https://t.co/HDOHTeerH1",0,4264,0
2024-11-02 19:51:38+00:00,"At Trump rallies, we don't tell Christians to get lost - we tell Christians to vote. It's time to stand up and reclaim our religious freedoms! Christians, this November 5th, get out and vote! #TooBigToRig 

https://t.co/eHpQYpgYbZ https://t.co/HDOHTeerH1",18141,4264,816
2024-11-03 22:49:41+00:00,"With your vote on Tuesday, I WILL END INFLATION, I WILL STOP THE INVASION OF CRIMINALS COMING INTO OUR COUNTRY, and I WILL BRING BACK THE AMERICAN DREAM!

Thank you‚ÄîNorth Carolina, I love you! #MAGA https://t.co/wm847ziWMU",364450,55958,14978
2024-11-03 18:39:57+00:00,https://t.co/WdmEhpHDeA,82893,18403,5743
2024-11-03 18:38:39+00:00,https://t.co/9eVxITqqZl,78739,18142,2897
2024-11-03 15:20:28+00:00,https://t.co/BaOva7eFrF,93130,20969,3848
2024-11-03 15:19:22+00:00,"RT @realDonaldTrump: WHEN WE GET KNOCKED DOWN, WE DON‚ÄôT STAY DOWN‚ÄîWE GET UP AGAIN‚Ä¶

FIGHT!

FIGHT!!

FIGHT!!!

https://t.co/czQRkZmYUH https://t.co/yEXLPcsoYu",0,55010,0
2024-11-03 00:42:14+00:00,"WHEN WE GET KNOCKED DOWN, WE DON‚ÄôT STAY DOWN‚ÄîWE GET UP AGAIN‚Ä¶

FIGHT!

FIGHT!!

FIGHT!!!

https://t.co/czQRkZmYUH https://t.co/yEXLPcsoYu",274209,55010,10619
2024-11-03 05:25:02+00:00,"As we rescue our economy, I will also restore our borders. Over the past 4 years, Kamala has orchestrated the most egregious betrayal that any leader in American history has ever inflicted on our people. She has violated her oath, eradicated our sovereign border, and unleashed an army of gangs and criminal migrants from prisons and jails, insane asylums and mental institutions around the world, from Venezuela to the Congo‚Äîstealing countless American lives.",191512,34178,9173
2024-11-03 05:23:49+00:00,"If Kamala wins, you are 3 days away from the start of a 1929-style economic depression. If I win, you are 3 days away from the best jobs, the biggest paychecks, and the brightest economic future the world has ever seen.

Kamala‚Äôs inflation nightmare has cost the typical American family $30,000 dollars in higher prices‚Äîand now, she wants to impose the largest tax hike in American history, and raise your taxes by $3,000 dollars a year. 

I will massively cut taxes for workers and small businesses‚Äîand we will have NO TAX ON TIPS, NO TAX ON OVERTIME, and NO TAX ON SOCIAL SECURITY benefits!",686757,102220,39440
2024-11-03 04:18:16+00:00,https://t.co/xE7d8Uo6qz,335319,44484,16378
2024-11-03 03:37:57+00:00,"Three beautiful MAGA RALLIES today in Gastonia, North Carolina, followed by Salem, Virginia‚Äîand this evening in Greensboro, North Carolina! On Tuesday, you have to stand up, and you have to tell Kamala that you‚Äôve had enough, you can‚Äôt take anymore, ‚ÄúKamala Harris, You‚Äôre Fired!‚Äù https://t.co/IUVfbyUUAC",169476,33241,7632
2024-11-03 03:29:15+00:00,"THANK YOU‚ÄîGREENSBORO, NORTH CAROLINA! #MAGA https://t.co/qf8zsEyeMG",117953,16145,3446
2024-11-03 00:39:07+00:00,"IF YOU HAVEN‚ÄôT VOTED YET, PLEASE CLICK THE LINK BELOW TO MAKE YOUR PLAN. We can‚Äôt afford to take ANY chances‚ÄîYOU MUST VOTE! Stand with me with your vote and with your voice. Together, WE WILL MAKE AMERICA GREAT AGAIN! #StandWithTrump https://t.co/czQRkZmr59",61810,14667,3788
2024-12-31 19:41:44+00:00,MAKE AMERICA GREAT AGAIN! https://t.co/IirB0lIah7,432397,63003,29358
2024-11-03 00:19:49+00:00,OHIO! You have until tomorrow to vote early in-person! We need to make this election #TooBigToRig! https://t.co/vCq8PtebJ4 https://t.co/y7FmVf9M3d,47839,11190,2475
2024-11-03 00:18:49+00:00,NEW YORK! In-person early voting ends tomorrow! Let's #SwampTheVote and make this election #TooBigToRig! https://t.co/nRCsdCSvkK https://t.co/vwcg4xJb08,35885,8556,1896
2024-11-03 00:15:12+00:00,"It was hardworking PATRIOTS like you who built this Country‚Äîand 3 days from now, it is hardworking PATRIOTS like you who are going to SAVE our Country!

THANK YOU, VIRGINIA! https://t.co/otRQ8frX9F",97602,16968,4433
2024-11-02 19:39:37+00:00,"Today, I was thrilled to be back in beautiful North Carolina, with thousands of proud, hardworking American Patriots! With your VOTE on Tuesday, I WILL END INFLATION, I WILL STOP THE INVASION, and I WILL BRING BACK THE AMERICAN DREAM! https://t.co/czQRkZmr59 https://t.co/9rsDIB1YK4",117617,22104,5362
2024-11-02 19:22:34+00:00,"The United States is now an OCCUPIED COUNTRY, but it will soon be an occupied country no longer. November 5th, 2024 will be LIBERATION DAY in America! #VOTE https://t.co/QRZgJF7J2F",218120,39885,7483
2024-11-02 16:21:01+00:00,"MY PROMISES TO AMERICA!
https://t.co/czQRkZmr59 https://t.co/kivoUYxG5B",75324,18737,5169
2024-11-02 04:46:22+00:00,"A GREAT DAY IN MICHIGAN &amp; WISCONSIN, THANK YOU‚ÄîMAGA2024! https://t.co/czQRkZmr59 https://t.co/bo4SmHsvQF",93801,15600,5500
2024-11-02 04:33:54+00:00,KAMALA BROKE IT‚ÄîI WILL FIX IT! https://t.co/czQRkZmr59 https://t.co/MdJtxtfXiu,188754,26166,8922
2024-11-02 04:07:43+00:00,"I LOVE YOU‚ÄîMILWAUKEE, WISCONSIN, THANK YOU!!!

TOGETHER, WE WILL MAKE AMERICA GREAT AGAIN!!! https://t.co/GLK3ll2zeF",143071,21494,4695
2024-11-02 02:26:23+00:00,"RT @TeamTrump: LIVE: President Trump in Milwaukee, #Wisconsin 

Text TRUMP to 88022 https://t.co/PkfGSpKgDY",0,5515,0
2024-11-02 02:13:44+00:00,"LIVE: President Trump in Milwaukee, #Wisconsin 

Text TRUMP to 88022 https://t.co/PkfGSpKgDY",26060,5515,1347
2024-11-01 23:38:39+00:00,"TOGETHER‚ÄîWE WILL FIGHT, FIGHT, FIGHT‚Äîand we will WIN, WIN, WIN! 4 DAYS UNTIL ELECTION DAY!! https://t.co/czQRkZmr59 https://t.co/uIcXbBnsUB",153194,29926,6533
2024-11-01 23:17:01+00:00,"NORTH CAROLINA! Tomorrow is the last day to register to vote, and vote early in-person! #SwampTheVote https://t.co/oNXWVybWqe https://t.co/QLn1dPYTCS",40368,9537,2270
2024-11-01 23:14:09+00:00,"FLORIDA! In-person early voting ends tomorrow‚ÄîMake a plan to VOTE. Together, we will MAKE AMERICA GREAT AGAIN! https://t.co/inz0ACGd5v https://t.co/0X5FEtkYen",41983,9680,2088
2024-11-01 23:11:46+00:00,"VIRGINIA! In-person early voting ends tomorrow! Together, we can make this election #TooBigToRig! https://t.co/brJXkaPOYm https://t.co/DJX96jb8Nn",42715,10327,1903
2024-11-01 23:09:27+00:00,"Everything we have been fighting for these past four years comes down to the next four days. We‚Äôve been setting records in the early voting, but we can‚Äôt let up‚Äîin-person early voting in MICHIGAN ends on SUNDAY. It‚Äôs NOW or NEVER! https://t.co/SVmeYj9piu",190053,36987,6383
2024-11-01 17:38:55+00:00,Wishing everyone a Blessed and Happy All Saints‚Äô Day! https://t.co/5VlPkCJ7M5,467244,56897,15272
2024-11-01 16:45:13+00:00,RT @elonmusk: https://t.co/KLAUd4vcmY,0,70719,0
2024-11-01 15:55:12+00:00,https://t.co/KLAUd4vcmY,391999,70719,8248
2024-11-01 05:23:54+00:00,"A GREAT DAY IN NEW MEXICO, NEVADA, AND ARIZONA‚ÄîTHANK YOU! With your VOTE this November, we are going to Fire Kamala, and we are going to SAVE AMERICA! https://t.co/it2RzNy3fC https://t.co/iqM6c5PAji",133959,25095,5514
2024-11-01 03:07:08+00:00,"TOGETHER, WE WILL MAKE AMERICA GREAT AGAIN! https://t.co/czQRkZmYUH https://t.co/x8CrRhogdx",146841,33623,8844
2024-11-01 01:29:53+00:00,"It was hardworking Patriots like you who built this Country, and 5 days from now, it is hardworking Patriots like you who are going to SAVE our Country! THANK YOU, NEVADA!!! #MAGA2024 https://t.co/D2gWJtmnkP",148079,25656,5468
2024-12-31 19:41:44+00:00,MAKE AMERICA GREAT AGAIN! https://t.co/IirB0lIah7,432397,63003,29358
2024-10-31 22:43:36+00:00,"Mark Cuban, a really dumb guy, who thinks he‚Äôs ‚Äúhot stuff‚Äù but he‚Äôs absolutely nothing, is now out there saying that I don‚Äôt surround myself with strong women. Actually, he is very wrong, I surround myself with the strongest of women - With the understanding that ALL women are great, whether strong or not strong. This guy is such a fool, he‚Äôs constantly on Television being critical, and only for the reason that I tuned him out completely while President because he called incessantly. I told him, very pointedly, ‚ÄúLook Mark, I‚Äôve got a lot of things to do, I just can‚Äôt be taking so many pointless calls from you.‚Äù In any event, that affected him greatly, because he‚Äôs a very insecure guy, and a MAJOR LOSER, always has been and always will be! Nobody likes him, nobody respects him, and he‚Äôs unattractive both inside and out! He should go back to talk about the person he was forced to support, because I didn‚Äôt want it, Lyin‚Äô Kamala Harris. Also, he‚Äôs got no clubhead speed!
¬†
I may, in fact, be surrounded by the strongest women in the World, including Heads of Countries, who make Mark look like a ‚Äúbaby!‚Äù All strong women, and women in general, should be very angry about this weak man‚Äôs statement.",438673,59640,26702
2024-10-31 22:41:47+00:00,"RT @SusieWiles: I‚Äôm told @mcuban needs help identifying the strong and intelligent women surrounding Pres. Trump. Well, here we are! I‚Äôve been proud to lead this campaign. Complimented by @Linda_McMahon,Chair for Transition Policy and @LaraLeaTrump,RNC Co-Chair. https://t.co/X7y9q3WsG8",0,9756,0
2024-10-31 18:03:33+00:00,"I‚Äôm told @mcuban needs help identifying the strong and intelligent women surrounding Pres. Trump. Well, here we are! I‚Äôve been proud to lead this campaign. Complimented by @Linda_McMahon,Chair for Transition Policy and @LaraLeaTrump,RNC Co-Chair. https://t.co/X7y9q3WsG8",51663,9756,3699
2024-10-31 21:55:47+00:00,ARIZONA! Tomorrow is the last day to vote early in-person. Make sure your voice is heard! #SwampTheVote https://t.co/1Uqu8wZQZH https://t.co/4CdzY4oSZZ,33553,7715,2222
2024-10-31 21:55:08+00:00,GEORGIA! Vote early in-person! Tomorrow is the deadline. #SwampTheVote https://t.co/LEzOrPAt46 https://t.co/3zvwRvNwc6,30735,7635,1695
2024-10-31 21:54:49+00:00,TEXAS! Make a plan to vote early in-person! Tomorrow is the last day to do so! Let's make this #TooBigToRig! https://t.co/o5yOJtj10V https://t.co/ckk6RxAZvY,32849,8470,1683
2024-10-31 21:52:08+00:00,NEVADA! Make a plan to vote early in-person! Tomorrow is the deadline! #TooBigToRig https://t.co/7selce9Wnf https://t.co/OHB6E5OwND,30109,7149,1704
2024-10-31 21:51:29+00:00,MICHIGAN! Tomorrow is the last day to request your absentee ballot. Let's make it #TooBigToRig! https://t.co/58KRK0T7qP https://t.co/gxEXC1qPxU,30909,7738,1464
2024-10-31 21:45:22+00:00,"RT @EricTrump: It has been a tremendous honor to stand by my father's side in the fight to save America. Today, I proudly voted for him once again. Dad, you‚Äôre incredible, and I love you very much! Let‚Äôs #MakeAmericaGreatAgain https://t.co/jIMlyFVyRl",0,8432,0
2024-10-31 17:16:00+00:00,"It has been a tremendous honor to stand by my father's side in the fight to save America. Today, I proudly voted for him once again. Dad, you‚Äôre incredible, and I love you very much! Let‚Äôs #MakeAmericaGreatAgain https://t.co/jIMlyFVyRl",68015,8432,3178
2024-10-31 20:33:05+00:00,"THANK YOU‚ÄîAlbuquerque, New Mexico! #MAGA2024 https://t.co/Lv0B18YTzf",112517,16665,3491
2024-10-31 17:11:42+00:00,https://t.co/xic0NzQ4XZ,88234,13643,7708
2024-10-31 17:03:19+00:00,"I strongly condemn the barbaric violence against Hindus, Christians, and other minorities who are getting attacked and looted by mobs in Bangladesh, which remains in a total state of chaos.

It would have never happened on my watch. Kamala and Joe have ignored Hindus across the world and in America. They have been a disaster from Israel to Ukraine to our own Southern Border, but we will Make America Strong Again and bring back Peace through Strength!

We will also protect Hindu Americans against the anti-religion agenda of the radical left. We will fight for your freedom. Under my administration, we will also strengthen our great partnership with India and my good friend, Prime Minister Modi.

Kamala Harris will destroy your small businesses with more regulations and higher taxes. By contrast, I cut taxes, cut regulations, unleashed American energy, and built the greatest economy in history. We will do it again, bigger and better than ever before‚Äîand we will Make America Great Again.

Also, Happy Diwali to All. I hope the Festival of Lights leads to the Victory of Good over Evil!",386383,80870,25600
2024-10-31 17:01:49+00:00,"I would like to wish our great Bitcoiners a Happy 16th Anniversary of Satoshi‚Äôs White Paper. We will end Kamala‚Äôs war on crypto, &amp; Bitcoin will be MADE IN THE USA! VOTE TRUMP! #Bitcoin #FreeRossDayOne",207121,32540,7838
2024-10-31 17:01:24+00:00,"Just watched Kamala‚Äôs Fake News Conference - ALL LIES! She is desperate but, more importantly, she looks totally EXHAUSTED! She should rest now, and leave the Campaigning to me!",236666,32422,9907
2024-10-31 17:01:06+00:00,"Lyin‚Äô Kamala is giving a News Conference now, saying that I want to end the Affordable Care Act. I never mentioned doing that, never even thought about such a thing. She also said I want to end Social Security. Likewise, never mentioned it, or thought of it. She is the one that wants to end Social Security and, she will do it, by putting the millions of Migrants coming into our Country into it. Kamala is a LIAR! Everything that comes out of her mouth is a LIE. It‚Äôs MADE UP FICTION, and she‚Äôs doing it because she‚Äôs losing, and losing BIG!",270689,59717,18041
2024-10-31 04:29:39+00:00,YOU CAN‚ÄôT LEAD AMERICA IF YOU DON‚ÄôT LOVE AMERICANS‚ÄîAND YOU CAN‚ÄôT BE PRESIDENT IF YOU HATE THE AMERICAN PEOPLE! https://t.co/czQRkZmr59 https://t.co/Uyebi7s6ih,155706,36694,9286
2024-10-31 04:03:10+00:00,‚ÄúHARRIS WILL BAN ALL FRACKING‚Äù https://t.co/8fsopz4niz,94438,20855,4767
2024-10-31 04:00:37+00:00,https://t.co/lJS809dvU0,60126,16764,2156
2024-10-31 03:31:51+00:00,‚ÄúWARS ARE RAGING‚ÄîTHE WORLD IS SPINNING OUT OF CONTROL WITH KAMALA IN CHARGE‚Ä¶‚Äù https://t.co/cGhB1AqqWz,149614,35865,6506
2024-10-31 03:21:52+00:00,250 MILLION AMERICANS ARE NOT GARBAGE‚ÄîI CALL YOU THE HEART AND SOUL OF AMERICA!!! #MAGA2024 https://t.co/OUR8urg2bT,394722,61786,11869
2024-10-31 01:28:18+00:00,"THANK YOU‚ÄîGREEN BAY, WISCONSIN! #MAGA2024 https://t.co/goZ5ERq9OK",175790,24931,4936
2024-12-31 19:41:44+00:00,MAKE AMERICA GREAT AGAIN! https://t.co/IirB0lIah7,432397,63003,29358
2024-10-30 20:55:20+00:00,"BREAKING NEWS IN BUCKS COUNTY, PENNSYLVANIA! 
https://t.co/w4VwgLQBkk https://t.co/79X5fFJ0zi",84558,24169,3117
2024-10-30 19:48:40+00:00,MAINE! The last day for voter registration and early in-person voting is tomorrow! Get out and #SwampTheVote! https://t.co/gCPZXSpbZm https://t.co/1IqvrMbWCT,34609,8656,1994
2024-10-30 19:45:52+00:00,WISCONSIN! Tomorrow is the last day to request an absentee mail-in ballot! Let's make this election #TooBigToRig! https://t.co/9Jl169BeZV https://t.co/DncX1Zn0Gb,39040,10165,2004
2024-10-30 19:43:00+00:00,"I was thrilled to be back in North Carolina this afternoon, with thousands of proud, hardworking American Patriots! With your vote in this election, I WILL END INFLATION, I WILL STOP THE INVASION, and I WILL BRING BACK THE AMERICAN DREAM! https://t.co/tyuKzM3osG",127491,22758,5827
2024-10-30 16:39:32+00:00,RT @BPUnion: Border Patrol Union National President Paul Perez &amp; Vice President Art Del Cueto sound off on Border Czar Harris comparing Trump supporters to Nazis. Kamala cannot be trusted! Another reason (of many) why we support @realDonaldTrump https://t.co/1OgSjAW8bv,0,6288,0
2024-10-30 00:37:10+00:00,Border Patrol Union National President Paul Perez &amp; Vice President Art Del Cueto sound off on Border Czar Harris comparing Trump supporters to Nazis. Kamala cannot be trusted! Another reason (of many) why we support @realDonaldTrump https://t.co/1OgSjAW8bv,21300,6288,895
2024-10-30 16:12:49+00:00,"During my Administration, we had peace in the Middle East, and we will have peace again very soon!¬†I will fix the problems caused by Kamala Harris and Joe Biden and stop the suffering and destruction in Lebanon. I want to see the Middle East return to real peace, a lasting peace, and we will get it done properly so it doesn‚Äôt repeat itself every 5 or 10 years! I will preserve the equal partnership among all Lebanese communities. Your friends and family in Lebanon deserve to live in peace, prosperity, and harmony with their neighbors, and that can only happen with peace and stability in the Middle East.¬†I look forward to working with the Lebanese community living in the United States of America to ensure the safety and security of the great people of Lebanon. Vote Trump for Peace!",240588,39821,13694
2024-10-30 15:14:06+00:00,"RT @realDonaldTrump: While I am running a campaign of positive solutions to save America, Kamala Harris is running a campaign of hate. She has spent all week comparing her political opponents to the most evil mass murderers in history. Now, on top of everything, Joe Biden calls our supporters ‚Äúgarbage.‚Äù You can‚Äôt lead America if you don‚Äôt love the American People. Kamala Harris and Joe Biden have shown they are both unfit to be President of the United States.

I am proud to lead the biggest, broadest, and most important political coalition in American history. We are welcoming historic numbers of Latinos, African Americans, Asian Americans, and citizens of every race, religion, color, and creed. It is my desire to be the President of all the people.",0,92943,0
2024-10-30 04:29:38+00:00,"While I am running a campaign of positive solutions to save America, Kamala Harris is running a campaign of hate. She has spent all week comparing her political opponents to the most evil mass murderers in history. Now, on top of everything, Joe Biden calls our supporters ‚Äúgarbage.‚Äù You can‚Äôt lead America if you don‚Äôt love the American People. Kamala Harris and Joe Biden have shown they are both unfit to be President of the United States.

I am proud to lead the biggest, broadest, and most important political coalition in American history. We are welcoming historic numbers of Latinos, African Americans, Asian Americans, and citizens of every race, religion, color, and creed. It is my desire to be the President of all the people.",491063,92943,27524
2024-10-30 15:13:56+00:00,"Derrick Anderson is running to represent the wonderful people of Virginia‚Äôs 7th Congressional District. He bravely fought for our Great Country as a Green Beret, and was deployed to Afghanistan, Bahrain, Jordan, Israel, and Lebanon. Unlike the current administration, he never left anyone behind!
¬†
Derrick is America First all the way, and he is running against a weak and pathetic Democrat named Yevgeny ‚ÄúEugene‚Äù Vindman who, along with Adam ‚ÄúShifty‚Äù Schiff and others, lied to push the Ukraine Impeachment Hoax, a continuation of the greatest and most dangerous Political WITCH HUNT in the History of our Country!
¬†
Derrick Anderson has my Complete and Total Endorsement - HE WILL NOT LET YOU DOWN!",66041,13914,2264
2024-10-30 15:13:36+00:00,"Kelly Cooper is a fantastic America First Candidate running to represent the Great People of Arizona‚Äôs 4th Congressional District!
¬†
Kelly will be an INCREDIBLE Fighter in Congress. A U.S. Marine Corps Veteran, Kelly knows how to Strengthen our Military, Care for our Veterans, Secure our Border, Stand with our Brave Law Enforcement, and Support our always under siege Second Amendment. As a very successful Small Businessman, Kelly will work hard to Stop Inflation, Grow the Economy, Lower Taxes, and Eliminate Government Waste.
¬†
Kelly Cooper has my Complete and Total Endorsement - HE WILL NEVER LET YOU DOWN!",41661,8764,1280
2024-10-30 14:39:55+00:00,"""KAMALA BACKED BIDEN ON EVERYTHING!"" https://t.co/o0fa5ouAYy",89864,20495,5523
2024-10-30 03:43:37+00:00,"THANK YOU‚ÄîAllentown, Pennsylvania! #MAGA2024 https://t.co/r8zquj4K7F",100030,14905,3697
2024-10-30 03:43:25+00:00,"RT @DineshDSouza: Watch VINDICATING TRUMP for FREE right here on X.
X is now a movie platform!
This informative, entertaining and inspiring film makes the case for Trump.
SHARE WIDELY!  And enjoy!  @elonmusk @realdonaldtrump https://t.co/EiIaLIzGRN",0,14325,0
2024-10-29 21:06:45+00:00,"Watch VINDICATING TRUMP for FREE right here on X.
X is now a movie platform!
This informative, entertaining and inspiring film makes the case for Trump.
SHARE WIDELY!  And enjoy!  @elonmusk @realdonaldtrump https://t.co/EiIaLIzGRN",32145,14325,2061
2024-10-30 02:59:19+00:00,‚ÄúIgnore The Democrat And Media Outrage. Trump Has Done More For Puerto Rico Than Any Other President‚Äù https://t.co/j4rEAEjfVa,119645,21856,10941
2024-10-29 23:50:39+00:00,"RT @TeamTrump: LIVE: President Trump in Allentown, #Pennsylvania 

Text TRUMP to 88022 https://t.co/rlGXjNg2Hx",0,6420,0
2024-10-29 23:44:03+00:00,"LIVE: President Trump in Allentown, #Pennsylvania 

Text TRUMP to 88022 https://t.co/rlGXjNg2Hx",27219,6420,1336
2024-10-29 22:17:35+00:00,"RT @ArtoftheSurge: Have you ever wondered what Donald Trump is like when out of the public eye? Watch him interact with his top advisors, Elon Musk and the media.



Episode Four, There's Something‚Äôs Wrong There, also captures Trump responding to Kamala Harris in real time. https://t.co/iZYdCFj0BH",0,5480,0
2024-10-29 15:00:02+00:00,"Have you ever wondered what Donald Trump is like when out of the public eye? Watch him interact with his top advisors, Elon Musk and the media.



Episode Four, There's Something‚Äôs Wrong There, also captures Trump responding to Kamala Harris in real time. https://t.co/iZYdCFj0BH",21394,5480,947
2024-10-29 21:56:00+00:00,GET OUT &amp; VOTE EARLY! https://t.co/LCHQU6zUsZ https://t.co/0dndZGXSIN,46825,12002,3512
2024-10-29 21:54:23+00:00,"THANK YOU‚ÄîDREXEL HILL, PENNSYLVANIA! VOTE!! https://t.co/HxSVvoEJuZ",79058,13262,2990
2024-10-29 20:22:40+00:00,"RT @TeamTrump: LIVE: President Trump in Drexel Hill, #Pennsylvania

Text TRUMP to 88022 https://t.co/LOJSs5bzYJ",0,5341,0
2024-10-29 20:22:16+00:00,"LIVE: President Trump in Drexel Hill, #Pennsylvania

Text TRUMP to 88022 https://t.co/LOJSs5bzYJ",21396,5341,1019
2024-10-29 20:15:03+00:00,"Pennsylvania, today, October 29th, is the last day to vote in-person by mail! I need you to VOTE, VOTE, VOTE! Don‚Äôt let anyone stop you from voting. 

Stay in line, don‚Äôt let anyone turn you away and silence your voice. We need to make it TOO BIG TO RIG! If you‚Äôre in Pennsylvania, don‚Äôt wait. VOTE TODAY! https://t.co/QGMs23u7z4",77523,18369,3499
2024-12-31 19:41:44+00:00,MAKE AMERICA GREAT AGAIN! https://t.co/IirB0lIah7,432397,63003,29358
2024-10-29 20:13:46+00:00,"RT @LaraLeaTrump: üö® ATTENTION PENNSYLVANIA: If you are turning in your ballot EARLY in today, DO NOT GET OUT OF LINE! Every person has a right to cast their vote and no one should make you leave! SPREAD THE WORDüö® @GOP @ChairmanWhatley @TeamTrump @realDonaldTrump",0,12887,0
2024-10-29 20:02:11+00:00,"üö® ATTENTION PENNSYLVANIA: If you are turning in your ballot EARLY in today, DO NOT GET OUT OF LINE! Every person has a right to cast their vote and no one should make you leave! SPREAD THE WORDüö® @GOP @ChairmanWhatley @TeamTrump @realDonaldTrump",32046,12887,1394
2024-10-29 17:26:50+00:00,"If you are in line at a county elections office tonight at 5 p.m. to apply for your mail-in ballot, counties must give you an opportunity to do so. Our team continues to work with all counties to ensure every eligible voter who wants to vote by mail ballot is able to.",3021,1426,802
2024-10-29 18:55:35+00:00,I will be doing a Major Interview on The Sean Hannity Show tonight at 9 PM EST. ENJOY!,130242,16177,7598
2024-10-29 18:21:01+00:00,"Kamala is now running billboards near the Border advertising FREE Legal Services for Illegal Alien Criminals. When I win, the billboards are coming down, and the Migrant Gangs are going home!",148397,42643,7889
2024-10-29 18:13:53+00:00,This DHS billboard (supported by Border Czar Harris) will only encourage and incentivize illegal immigration and the abuse of the asylum system to continue. This leads to record numbers of illegal aliens pouring across the border into our communities with little to no vetting. PRESIDENT TRUMP WILL STOP THE INVASION! h/t @BillMelugin_,10891,3876,1037
2024-10-29 18:20:04+00:00,"To the Coptic Christian community living throughout the United States, I deeply admire your Steadfast Faith in God, Perseverance through Centuries of Persecution and Love for this Great Country. I am Counting on your support and vote to help uphold our shared Social and Family Values and continue to Make America Great Again!",151910,27394,7696
2024-10-29 17:21:09+00:00,‚ÄúWhy Donald Trump Keeps Fighting For America‚Äù https://t.co/PhEoHHeyiY,34686,7359,2661
2024-10-29 17:06:38+00:00,https://t.co/czQRkZmr59,49750,11138,1989
2024-10-29 17:05:22+00:00,"The Democrats have not only greatly demeaned and embarrassed Crooked Joe Biden, but now they‚Äôre demanding that he be nowhere near Lyin‚Äô Kamala‚Äôs Campaign. It‚Äôs not good enough that they took the Presidency away from him, just like you take candy away from a baby, but now they have to further embarrass him by telling him to, ‚ÄúGET LOST.‚Äù They are a Threat to Democracy!",155565,28415,6438
2024-10-29 17:04:42+00:00,"Wow! York County, Pennsylvania, received THOUSANDS of potentially FRAUDULENT Voter Registration Forms and Mail-In Ballot Applications from a third party group. This is on top of Lancaster County being caught with 2600 Fake Ballots and Forms, all written by the same person. Really bad ‚Äústuff.‚Äù WHAT IS GOING ON IN PENNSYLVANIA??? Law Enforcement must do their job, immediately!!! WOW!!!",336544,83809,19047
2024-10-29 16:04:43+00:00,RT @realDonaldTrump: https://t.co/n4F5AqHwU7,0,33528,0
2024-10-28 17:56:30+00:00,https://t.co/n4F5AqHwU7,114874,33528,7774
2024-10-29 15:19:52+00:00,https://t.co/BeYnSNshRr,195728,35960,5737
2024-10-29 15:09:54+00:00,"RT @MELANIATRUMP: üá∫üá∏

Madison Square Garden, 2024 https://t.co/t9mifebwvP",0,11181,0
2024-10-28 19:01:20+00:00,"üá∫üá∏

Madison Square Garden, 2024 https://t.co/t9mifebwvP",69500,11181,2952
2024-10-29 15:07:34+00:00,"An incredible evening in Atlanta, Georgia last night, THANK YOU! https://t.co/hqUb0dxty9",106042,15313,3394
2024-10-29 15:01:38+00:00,"PENNSYLVANIA! Early Voting ends TODAY! Make sure to get out and make your voice heard, let's make it #TooBigToRig! https://t.co/lSe9t2AdWC https://t.co/bXOiOrsLfj",30751,7330,1867
2024-10-29 14:59:44+00:00,OHIO! Today is the deadline to request your absentee ballot. Let's make this #TooBigToRig! https://t.co/5rmyQmxExy https://t.co/K8iVLYqtHs,31634,8003,1740
2024-10-29 14:59:03+00:00,NORTH CAROLINA! Today is the last day to request your absentee ballot! #SwampTheVote https://t.co/b2dXAlUSlw https://t.co/AhUBc0vA67,27400,6153,1552
2024-10-29 14:57:51+00:00,"Jerrod Sessler is a fantastic Candidate and will be a GREAT Congressman for Washington State‚Äôs 4th Congressional District. A Navy Veteran, Entrepreneur, Loving Father and Husband, Jerrod will fight hard every day to Secure the Border, Stand for the Rule of Law, Strengthen our Military, Take Care of our Vets, Defend our Nation, and Protect our always under siege Second Amendment. He is running against a Weak and Pathetic RINO named Newhouse, who voted to, for no reason, Impeach me. Newhouse has to go! He wished he didn‚Äôt do what he did, but it‚Äôs too late, and besides that, he didn‚Äôt represent the people nearly as well as Jerrod will. Jerrod will do an incredible job - He is MAGA all the way, and has my Complete and Total Endorsement. JERROD SESSLER WILL NEVER LET YOU DOWN!!!",40155,7887,1455
2024-10-29 11:05:16+00:00,"RT @TuckerCarlson: This will be our biggest live show yet. Hope to see you there.

Get tickets at https://t.co/sLkXnGLauL. https://t.co/4JSR3DMeQ9",0,7237,0
2024-10-24 22:00:01+00:00,"This will be our biggest live show yet. Hope to see you there.

Get tickets at https://t.co/sLkXnGLauL. https://t.co/4JSR3DMeQ9",33771,7237,1986
2024-10-29 10:28:29+00:00,"RT @elonmusk: Full episode of @JoeRogan &amp; @realDonaldTrump available on ùïè!

YouTube experienced some uh ‚Ä¶ technical difficulties üôÑ

 https://t.co/YAzxRT2JQQ",0,76800,0
2024-10-29 04:44:34+00:00,"Full episode of @JoeRogan &amp; @realDonaldTrump available on ùïè!

YouTube experienced some uh ‚Ä¶ technical difficulties üôÑ

 https://t.co/YAzxRT2JQQ",408543,76800,12799
2024-10-27 22:15:00+00:00,"LIVE: Trump Rally in New York, #NewYork https://t.co/yAyvucrCux",160899,28437,10791
2024-12-31 19:41:44+00:00,MAKE AMERICA GREAT AGAIN! https://t.co/IirB0lIah7,432397,63003,29358
2024-10-27 15:34:42+00:00,MAKE AMERICA GREAT AGAIN! https://t.co/S89mPbTCY9,166262,35903,8942
2024-10-27 04:01:52+00:00,‚ÄúKamala Backed Biden on Everything‚Äù https://t.co/Botpmko7ar,140156,33129,6097
2024-10-27 00:00:09+00:00,WHEN I‚ÄôM PRESIDENT THE MCDONALD‚ÄôS ICE CREAM MACHINES WILL WORK GREAT AGAIN! https://t.co/jqdyMpgnLF,853042,95722,20259
2024-10-26 23:54:02+00:00,"THANK YOU‚ÄîSTATE COLLEGE, PENNSYLVANIA. TOGETHER, WE ARE GOING TO MAKE AMERICA GREAT AGAIN!!! https://t.co/dZPL4OLXla",119683,18346,3448
2024-10-26 21:38:16+00:00,"AN HONOR, THANK YOU! https://t.co/lFoRFv8AGP",307573,48253,9560
2024-10-26 19:15:12+00:00,"THANK YOU, MICHIGAN! Together, we will FIGHT, FIGHT, FIGHT, and VOTE, VOTE, VOTE. November 5th will be the most important day in the history of our Country! #VOTE  https://t.co/MyQpZYUEyq",102663,17537,6329
2024-10-26 19:02:38+00:00,MICHIGAN! The time to vote in-person is now! Get out and #SwampTheVote. Let's make this election #TooBigToRig. https://t.co/58KRK0SzBh https://t.co/fL4S1IPJ14,52147,12408,3130
2024-10-26 05:26:47+00:00,"This election is a choice between whether we will have four more years of incompetence and failure‚Äîor whether we will begin the four greatest years in the history of our Country.

THANK YOU, MICHIGAN! https://t.co/IinVQDBZFY",188325,32870,8293
2024-10-25 23:47:06+00:00,KAMALA HARRIS is JOE BIDEN‚Ä¶ https://t.co/3luttP1xlE,148095,33737,6686
2024-10-25 20:49:14+00:00,"‚Äú16,000 BORDER PATROL OFFICERS ENDORSE TRUMP FOR PRESIDENT OF THE UNITED STATES OF AMERICA‚Äù https://t.co/vBDKMlux0D",277640,47214,7522
2024-10-24 01:46:35+00:00,"As president, I am going to bring forward the bipartisan bill to further strengthen and secure our border.",15277,2272,14580
2024-10-25 20:25:09+00:00,"I was joined this afternoon in Austin, Texas by Alexis Nungaray, whose 12-year-old daughter Jocelyn was murdered by illegal aliens let in under Kamala Harris. We will NEVER FORGET Jocelyn, we‚Äôve all seen her picture, it‚Äôs blazed into our minds forever. https://t.co/LeFoWbkGHF",227316,44316,6523
2024-10-25 19:30:30+00:00,"THANK YOU‚ÄîAUSTIN, TEXAS! https://t.co/wRIvkFUVrT",133641,17953,3254
2024-10-25 19:16:03+00:00,https://t.co/bue2vilZ8R,74674,14050,4630
2024-10-24 14:40:01+00:00,"As president, I will lower the cost of groceries by taking on corporate price gouging.

I have done it before, and I am going to do it again.",29177,4235,22188
2024-10-25 18:03:00+00:00,"Kamala Harris has finally lost the Catholic vote. Her and the Democrat‚Äôs persecution of the Catholic Church is unprecedented! Her poll numbers have dropped like a rock, both with Catholics, and otherwise. What took so long? RFK JR. has been pushing hard for Catholics to VOTE FOR TRUMP. Kamala again made a fool of herself last night at a Radical Left fundraiser, and this after putting on a very Low IQ display at a FAKE NEWS CNN Town Hall. She was almost incoherent, and even host Allison Cooper, who couldn‚Äôt get her to make any sense, became agitated. Kamala is DEMANDING LATE TERM ABORTION, in months 7, 8, and 9, and even execution after birth, and people aren‚Äôt buying it - and they never will. She is a Radical Left Lunatic!",253820,42349,10487
2024-10-25 18:01:45+00:00,"CEASE & DESIST: I, together with many Attorneys and Legal Scholars, am watching the Sanctity of the 2024 Presidential Election very closely because I know, better than most, the rampant Cheating and Skullduggery that has taken place by the Democrats in the 2020 Presidential Election. It was a Disgrace to our Nation! Therefore, the 2024 Election, where Votes have just started being cast, will be under the closest professional scrutiny and, WHEN I WIN, those people that CHEATED will be prosecuted to the fullest extent of the Law, which will include long term prison sentences so that this Depravity of Justice does not happen again. We cannot let our Country further devolve into a Third World Nation, AND WE WON‚ÄôT! Please beware that this legal exposure extends to Lawyers, Political Operatives, Donors, Illegal Voters, & Corrupt Election Officials. Those involved in unscrupulous behavior will be sought out, caught, and prosecuted at levels, unfortunately, never seen before in our Country.",299563,69530,23579
2024-10-25 18:01:05+00:00,"RT @GlennYoungkin: It's stunning that, just 11 days before the presidential election, a federal judge is ordering Virginia to reinstate individuals who have self-identified as noncitizens on the voter rolls. Virginia is prepared to take this to the U.S. Supreme Court if needed! https://t.co/fyjlWBUlnQ",0,17308,0
2024-10-25 16:22:21+00:00,"It's stunning that, just 11 days before the presidential election, a federal judge is ordering Virginia to reinstate individuals who have self-identified as noncitizens on the voter rolls. Virginia is prepared to take this to the U.S. Supreme Court if needed! https://t.co/fyjlWBUlnQ",64292,17308,4666
2024-10-25 17:28:51+00:00,RT @MassieforKY: I am honored to endorse @realDonaldTrump for President! https://t.co/nd295MQJWM,0,10056,0
2024-10-25 17:06:14+00:00,I am honored to endorse @realDonaldTrump for President! https://t.co/nd295MQJWM,60969,10056,3329
2024-10-25 17:27:42+00:00,"RT @ArtoftheSurge: History was almost rewritten in Butler, PA, and we were just 15 feet away. 

Art of the Surge, Episode 2: In the Bullseye ‚Äî See the raw, real attempt that shook the nation.

Watch here for the closest look at what really happened. https://t.co/Aq3lQkFeHq",0,4648,0
2024-10-25 15:00:00+00:00,"History was almost rewritten in Butler, PA, and we were just 15 feet away. 

Art of the Surge, Episode 2: In the Bullseye ‚Äî See the raw, real attempt that shook the nation.

Watch here for the closest look at what really happened. https://t.co/Aq3lQkFeHq",17318,4648,661
2024-10-25 16:44:33+00:00,"Sleepy Joe Biden and Comrade Kamala Harris ridiculously accuse me of wanting to ‚Äúweaponize‚Äù the Justice Department, when they have done all of the weaponizing. Now, their truly Weaponized Department of ‚ÄúInjustice,‚Äù and a Judge (appointed by Joe), have ORDERED the Great Commonwealth of Virginia to PUT NON-CITIZEN VOTERS BACK ON THE ROLLS. This is a totally unacceptable travesty, and Governor Youngkin is absolutely right to appeal this ILLEGAL ORDER, and the U.S. Supreme Court will hopefully fix it! Only U.S. Citizens should be allowed to vote. Keep fighting, Glenn - AND REPUBLICANS IN VIRGINIA, KEEP VOTING EARLY! I will be calling in to Glenn‚Äôs Rally with Lara Trump tomorrow morning to talk about this crazy Ruling, and announce my final stop in Virginia before Election Day. TUNE IN!",200708,42584,8641
2024-10-25 04:54:23+00:00,"I was in Las Vegas this evening with a message of hope for all Americans‚ÄîWith your vote in this election, I WILL END INFLATION, I WILL STOP THE INVASION, and I WILL BRING BACK THE AMERICAN DREAM! Together, WE will MAGA!!! Thank you, NEVADA! https://t.co/cgt8lb0lIi",166572,30256,8826
2024-12-31 19:41:44+00:00,MAKE AMERICA GREAT AGAIN! https://t.co/IirB0lIah7,432397,63003,29358
2024-10-25 00:12:46+00:00,"THANK YOU, ARIZONA! With your help, 12 DAYS from now, we are going to win Arizona, we are going to defeat Kamala Harris, and we are going to MAKE AMERICA GREAT AGAIN! https://t.co/ONogXBkQhx",151107,24176,4927
2024-10-24 21:33:22+00:00,"See you tonight, LAS VEGAS, NEVADA! Join me at the UNLV Thomas &amp; Mack Arena at 7:00pmPDT‚ÄîSee you soon! 

Get your tickets at: https://t.co/a1M9NJqUhG https://t.co/qQQ7Ta2Beb",51233,8873,3467
2024-10-24 21:23:03+00:00,https://t.co/czQRkZmYUH https://t.co/9HYfb0yVfv,284718,42506,8015
2024-10-24 19:47:05+00:00,"Lara Trump, our incredibly smart and talented Republican National Committee Co-Chair who did a fantastic job this week on the ‚ÄúBreakfast Club‚Äù program, will be joining Governor Glenn Youngkin at a rally in the Commonwealth of Virginia this Saturday to encourage everyone to VOTE EARLY. Glenn has given the people of Virginia great confidence their vote will be SECURE and ONLY ALL LEGAL VOTES WILL BE COUNTED. In fact, Virginia early vote is looking tremendous enough for the GOP that perhaps Lara is not the only TRUMP you will see in the Commonwealth before Election Day. Stay tuned! https://t.co/eqJRGnXMoJ",86576,14370,3945
2024-10-24 19:44:23+00:00,"Thank you for your support against a total degenerate named John Kelly, who made up a story out of pure Trump Derangement Syndrome Hatred! This guy had two qualities, which don‚Äôt work well together. He was tough and dumb. The problem is his toughness morphed into weakness, because he became JELLO with time! The story about the Soldiers was A LIE, as are numerous other stories he told. Even though I shouldn‚Äôt be wasting my time with him, I always feel it‚Äôs necessary to hit back in pursuit of THE TRUTH. John Kelly is a LOWLIFE, and a bad General, whose advice in the White House I no longer sought, and told him to MOVE ON! His wife once told me, at Camp David, John admires you tremendously, and when he leaves the Military, he will only speak well of you. I said, Thank you!",170438,26332,9495
2024-10-24 18:33:56+00:00,"A Great Hero, THANK YOU. SUCH AN HONOR! https://t.co/v8xYpvjEEI",180233,30123,6017
2024-10-24 05:02:04+00:00,RT @realDonaldTrump: ‚ÄúPRESIDENT TRUMP WARNED US!‚Äù https://t.co/6oSVDd1wXg,0,25801,0
2024-10-22 01:47:03+00:00,‚ÄúPRESIDENT TRUMP WARNED US!‚Äù https://t.co/6oSVDd1wXg,96981,25801,6944
2024-10-24 05:00:43+00:00,RT @realDonaldTrump: Kamala Harris: ‚ÄúThere‚Äôs NO QUESTION I‚Äôm in favor of BANNING FRACKING.‚Äù https://t.co/UNtYK0is2P,0,29080,0
2024-10-23 04:39:15+00:00,Kamala Harris: ‚ÄúThere‚Äôs NO QUESTION I‚Äôm in favor of BANNING FRACKING.‚Äù https://t.co/UNtYK0is2P,119597,29080,5609
2024-10-24 05:00:36+00:00,RT @realDonaldTrump: ‚ÄúKAMALA HARRIS AND DEMOCRATS ARE ALL-IN ON DEFUNDING AND DEMORALIZING POLICE‚Ä¶‚Äù https://t.co/cUVCWzGiCI,0,30158,0
2024-10-23 10:35:21+00:00,‚ÄúKAMALA HARRIS AND DEMOCRATS ARE ALL-IN ON DEFUNDING AND DEMORALIZING POLICE‚Ä¶‚Äù https://t.co/cUVCWzGiCI,110393,30158,6356
2024-10-24 05:00:28+00:00,RT @realDonaldTrump: I JUST ASK ONE SIMPLE QUESTION‚ÄîWHY DIDN‚ÄôT SHE DO IT? WHY HASN‚ÄôT SHE DONE IT? SHE‚ÄôS BEEN THERE FOR THREE AND A HALF YEARS‚Ä¶ https://t.co/YRjciWnAo5,0,55915,0
2024-10-23 17:49:26+00:00,I JUST ASK ONE SIMPLE QUESTION‚ÄîWHY DIDN‚ÄôT SHE DO IT? WHY HASN‚ÄôT SHE DONE IT? SHE‚ÄôS BEEN THERE FOR THREE AND A HALF YEARS‚Ä¶ https://t.co/YRjciWnAo5,249421,55915,14735
2024-10-24 03:36:16+00:00,‚ÄúWE CAN‚ÄôT AFFORD FOUR MORE YEARS OF KAMALA!‚Äù https://t.co/MyGHLFJRNt,93542,20445,8843
2024-10-24 02:12:08+00:00,"Comrade Kamala Harris sees that she is losing, and losing badly, especially after stealing the Race from Crooked Joe Biden, so now she is increasingly raising her rhetoric, going so far as to call me Adolf Hitler, and anything else that comes to her warped mind. She is a Threat to Democracy, and not fit to be President of the United States ‚Äî And her Polling so indicates!",401847,64983,18419
2024-10-24 02:10:18+00:00,"I was thrilled to be back in the GREAT STATE OF GEORGIA, with thousands of proud, hardworking AMERICAN PATRIOTS‚ÄîTHANK YOU! https://t.co/fqjLw6PrqC",160222,24342,4974
2024-10-23 23:11:23+00:00,"It was my Great Honor to host a Believers and Ballots Faith Town Hall this afternoon in Zebulon, Georgia. Thank you! https://t.co/222vDoFivW",110852,18309,4798
2024-10-23 19:39:08+00:00,"üö®ATTENTION MONTANAüö®
https://t.co/uQyrA8uM7A https://t.co/QVYMVr3sgx",39148,10056,2362
2024-10-23 18:27:52+00:00,"üö®ATTENTION GEORGIAüö®
https://t.co/LEzOrPzVey https://t.co/B9jSd2XFFl",34735,8726,2432
2024-10-23 18:27:04+00:00,"üö®ATTENTION FLORIDAüö®
https://t.co/nLFV2S66ba https://t.co/jQ24ZRNBRU",47019,11038,2649
2024-10-23 18:26:09+00:00,"üö®ATTENTION MICHIGANüö®
https://t.co/58KRK0SzBh https://t.co/1TnIrluEpo",37974,8937,1993
2024-10-23 18:25:29+00:00,"üö®ATTENTION WISCONSINüö®
https://t.co/QZ2C0C1kWB https://t.co/B6Fbyx4o2C",31480,8254,1729
2024-10-23 18:24:39+00:00,"üö®ATTENTION MAINEüö®
https://t.co/gCPZXSoE9O https://t.co/PpnMNqC6WU",28836,7391,1503
2024-12-31 19:41:44+00:00,MAKE AMERICA GREAT AGAIN! https://t.co/IirB0lIah7,432397,63003,29358
2024-10-23 17:49:26+00:00,I JUST ASK ONE SIMPLE QUESTION‚ÄîWHY DIDN‚ÄôT SHE DO IT? WHY HASN‚ÄôT SHE DONE IT? SHE‚ÄôS BEEN THERE FOR THREE AND A HALF YEARS‚Ä¶ https://t.co/YRjciWnAo5,249421,55915,14735
2024-10-23 10:35:21+00:00,‚ÄúKAMALA HARRIS AND DEMOCRATS ARE ALL-IN ON DEFUNDING AND DEMORALIZING POLICE‚Ä¶‚Äù https://t.co/cUVCWzGiCI,110393,30158,6356
2024-10-23 10:28:34+00:00,"RT @marklevinshow: My special interview today with President Donald Trump!¬† Check it out and please share it with everyone you know!
https://t.co/XqSnm4ugN8",0,3426,0
2024-10-22 23:09:01+00:00,"My special interview today with President Donald Trump!¬† Check it out and please share it with everyone you know!
https://t.co/XqSnm4ugN8",12666,3426,731
2024-10-23 04:39:15+00:00,Kamala Harris: ‚ÄúThere‚Äôs NO QUESTION I‚Äôm in favor of BANNING FRACKING.‚Äù https://t.co/UNtYK0is2P,119597,29080,5609
2024-10-23 02:25:56+00:00,"THANK YOU, NORTH CAROLINA! This election is a choice between whether we will have four more years of incompetence, failure, and disaster‚Äîor whether we will begin the FOUR GREATEST YEARS in the HISTORY OF OUR COUNTRY! https://t.co/JJhJsJcOHk",146956,25261,5475
2024-10-22 22:03:05+00:00,"While Kamala said that people who believe in Jesus don‚Äôt belong to her rallies, in our Movement‚ÄîWe love Christians, we welcome believers, and we embrace followers of Jesus‚Ä¶ https://t.co/KembUFlydI",338325,58751,14231
2024-10-22 21:59:57+00:00,"‚ÄúUFC fighters Justin Gaethje, Beneil Dariush and Henry Cejudo stepped into the political ring last week, urging a crowd of Arab-American voters in swing-state Michigan to cast their ballots for GOP heavyweight Donald Trump.‚Äù https://t.co/NwyHh5bVeO",81007,16141,3375
2024-10-22 01:47:03+00:00,‚ÄúPRESIDENT TRUMP WARNED US!‚Äù https://t.co/6oSVDd1wXg,96981,25801,6944
2024-10-22 01:03:23+00:00,It was my Great Honor to host the 11th Hour Faith Leaders Meeting in North Carolina tonight‚ÄîTHANK YOU! https://t.co/GDFXUWtxLq,143773,23401,6268
2024-10-21 21:32:57+00:00,https://t.co/KcX110s5g7,248779,32342,5685
2024-10-21 21:30:50+00:00,RT @nelkboys: Trump reads Kamala‚Äôs greatest achievements book https://t.co/dr40l13j7t,0,7308,0
2024-10-21 16:27:45+00:00,Trump reads Kamala‚Äôs greatest achievements book https://t.co/dr40l13j7t,44647,7308,1195
2024-10-21 21:20:23+00:00,"THANK YOU‚ÄîGREENVILLE, NORTH CAROLINA! #MAGA2024 https://t.co/QN0duC6z88",96423,15355,2931
2024-10-21 19:13:59+00:00,"RT @TeamTrump: LIVE: President Trump in Greenville, #NorthCarolina 

Text TRUMP to 88022 https://t.co/ZMtKwAyzpT",0,8140,0
2024-10-21 19:12:05+00:00,"LIVE: President Trump in Greenville, #NorthCarolina 

Text TRUMP to 88022 https://t.co/ZMtKwAyzpT",46827,8140,1830
2024-10-21 19:08:53+00:00,RT @undertaker: Donald Trump Talks Pro Wrestling and What's at Stake in 2024 | Ep. #36 https://t.co/sXuQMQDgCc,0,6724,0
2024-10-21 18:27:37+00:00,Donald Trump Talks Pro Wrestling and What's at Stake in 2024 | Ep. #36 https://t.co/sXuQMQDgCc,34925,6724,1525
2024-10-21 18:41:53+00:00,https://t.co/igllXjOepF,82848,13912,2685
2024-10-21 18:41:13+00:00,"When will CBS release their Transcript of the fraudulent Interview with Comrade Kamala Harris? They changed her answer in order to make Kamala look intelligent, rather than ‚Äúdumb as a rock.‚Äù This may be the Biggest Scandal in Broadcast History! CBS MUST GET THE TRANSCRIPT OUT NOW ‚Äî Litigation has already started. Harris wasn‚Äôt able to put two sentences together, so they completely removed her answer, and put in another one. The Public has a right to know what was changed to save this TOTALLY UNFIT Presidential Candidate from our Country‚Äôs Voters. SHE IS A THREAT TO DEMOCRACY!",213368,40310,11019
2024-10-21 14:04:35+00:00,"RT @elonmusk: New Republican voter registration last week in Pennsylvania absolutely crushed Democrat voter registration!

27.7k Rep vs 12.7k Dem, a 3X difference.

Midnight today is the deadline for registration. Let‚Äôs GOOOO!!!!! üî•üî•üî•",0,30548,0
2024-10-21 13:41:36+00:00,"New Republican voter registration last week in Pennsylvania absolutely crushed Democrat voter registration!

27.7k Rep vs 12.7k Dem, a 3X difference.

Midnight today is the deadline for registration. Let‚Äôs GOOOO!!!!! üî•üî•üî•",171351,30548,10679
2024-10-21 14:02:38+00:00,"Gun owners must register to Vote, TODAY, if you want to save your guns. Our Second Amendment is under Siege by the Democrats. They want to confiscate your guns. BE SMART. VOTE!!! https://t.co/czQRkZmYUH",72205,19113,4533
2024-10-21 14:01:57+00:00,Christians must register to VOTE now. This is the last day to do so. Our Country is at stake! God Bless You All! DONALD J. TRUMP https://t.co/czQRkZmYUH,99186,22797,5432
2024-10-21 13:11:41+00:00,‚ÄúTRUMP WILL END THE TAX ON SOCIAL SECURITY‚Äù https://t.co/zfsfuIfiHq,102785,23423,5115
2024-12-31 19:41:44+00:00,MAKE AMERICA GREAT AGAIN! https://t.co/IirB0lIah7,432397,63003,29358
2024-10-21 04:09:31+00:00,https://t.co/YkLtEaC3OI,1416824,124064,32659
2024-10-21 03:50:10+00:00,"Christians are under attack from this Administration, but many are still not registered! Tomorrow is the last day to register in Pennsylvania. Register now and vote early!! https://t.co/czQRkZmYUH",90200,21068,3840
2024-10-20 23:04:31+00:00,"THANK YOU‚ÄîLANCASTER, PENNSYLVANIA! #MAGA2024 https://t.co/BiM34T4MW2",111346,17211,2781
2024-10-20 22:47:48+00:00,https://t.co/MWEUVcY6YG,422134,56128,11144
2024-10-20 22:44:19+00:00,MAKE AMERICA GREAT AGAIN! https://t.co/rA5FwAQWFy,312600,46895,10737
2024-10-20 13:48:28+00:00,‚ÄúKAMALA WON‚ÄôT CHANGE A THING‚Äù https://t.co/3ufEUIGfJ0,124606,25456,5350
2024-10-20 12:52:33+00:00,‚ÄúKAMALA‚ÄôS AGENDA IS THEY/THEM‚ÄîNOT YOU!‚Äù https://t.co/ciIOk5IFSx,150635,33636,5278
2024-10-20 01:19:37+00:00,"After years of building up foreign countries, we are finally going to build up our Country, defend our borders, and protect our cities. We will not be invaded. We will not be occupied. We will not be conquered. We will be a free and proud nation once again! https://t.co/LqWWxBdhET",237041,45098,8919
2024-10-20 00:12:05+00:00,"THANK YOU, PENNSYLVANIA! TOGETHER, WE ARE GOING TO MAKE AMERICA GREAT AGAIN! https://t.co/Wc1UQfs0S4",177025,24897,7059
2024-10-19 19:32:47+00:00,"Melania // #1 New York Times Best Seller!!! Congratulations to my beautiful wife who created a wonderful book filled with new stories and photos about her life, our family, and the time she spent as your First Lady. https://t.co/jLSqKtqj5l https://t.co/9Bn6rDQOaq",65912,10658,4658
2024-10-19 17:59:41+00:00,"RT @TeamTrump: MICHIGAN ‚Äî early voting is UNDERWAY!

Get everyone you know, and VOTE!

https://t.co/S803zLZ2DL https://t.co/2opIGhhWpB",0,4937,0
2024-10-19 17:46:14+00:00,"MICHIGAN ‚Äî early voting is UNDERWAY!

Get everyone you know, and VOTE!

https://t.co/S803zLZ2DL https://t.co/2opIGhhWpB",21864,4937,1366
2024-10-19 05:28:10+00:00,"RT @TrumpWarRoom: PRESIDENT TRUMP: Starting in January, we will give our companies the lowest taxes, the lowest energy costs, the lowest regulatory burdens, and free access to the best and biggest market on the planet‚Äîbut ONLY if they make their products here in America and hire American workers! https://t.co/DOrtpKg68k",0,5133,0
2024-10-19 00:23:58+00:00,"PRESIDENT TRUMP: Starting in January, we will give our companies the lowest taxes, the lowest energy costs, the lowest regulatory burdens, and free access to the best and biggest market on the planet‚Äîbut ONLY if they make their products here in America and hire American workers! https://t.co/DOrtpKg68k",25462,5133,1841
2024-10-19 05:27:57+00:00,"RT @TrumpWarRoom: ""Some say my defense of U.S. jobs makes me a protectionist. And yes, I will PROTECT what is ours. I will protect our workers. I will protect our jobs... And I will protect the birthright of our children to live in the richest and most powerful nation on the face of the earth."" üî• https://t.co/9mJJjCqe59",0,6461,0
2024-10-19 00:27:23+00:00,"""Some say my defense of U.S. jobs makes me a protectionist. And yes, I will PROTECT what is ours. I will protect our workers. I will protect our jobs... And I will protect the birthright of our children to live in the richest and most powerful nation on the face of the earth."" üî• https://t.co/9mJJjCqe59",27704,6461,911
2024-10-19 05:27:44+00:00,"RT @TrumpWarRoom: PRESIDENT TRUMP: The Tax Queen is also demanding a shocking 33% tax-hike on all domestic production, along with the largest capital gains tax hike in history.... In total, her proposals are estimated to kill 786,000 full-time jobs...

It will be economic Armageddon for Detroit. https://t.co/05EzeGEOmZ",0,4957,0
2024-10-19 00:33:25+00:00,"PRESIDENT TRUMP: The Tax Queen is also demanding a shocking 33% tax-hike on all domestic production, along with the largest capital gains tax hike in history.... In total, her proposals are estimated to kill 786,000 full-time jobs...

It will be economic Armageddon for Detroit. https://t.co/05EzeGEOmZ",19656,4957,774
2024-10-19 05:26:56+00:00,"RT @TrumpWarRoom: 24 hours apart:

Kamala get's heckled for her role in bringing widespread devastation to the Middle East.

President Trump receives a certificate of appreciation from the mayor of the only Muslim-majority city in the nation.

President Trump will restore PEACE to the Middle East! https://t.co/rJDVdzjjAY",0,6098,0
2024-10-19 01:50:47+00:00,"24 hours apart:

Kamala get's heckled for her role in bringing widespread devastation to the Middle East.

President Trump receives a certificate of appreciation from the mayor of the only Muslim-majority city in the nation.

President Trump will restore PEACE to the Middle East! https://t.co/rJDVdzjjAY",25398,6098,983
2024-10-19 05:26:14+00:00,https://t.co/hcsJUwtKCK,178472,28552,5205
2024-10-18 21:54:06+00:00,10/17 | AL SMITH DINNER‚Ä¶ https://t.co/XxDHguCu9k,124239,24184,5838
2024-10-18 21:18:48+00:00,"RT @TrumpWarRoom: üî• MUST WATCH: President Trump's roast at the annual Alfred E. Smith Memorial Foundation Dinner

(Kamala skipped it because she's a coward) https://t.co/m5GcbkYP9y",0,6472,0
2024-10-18 02:23:43+00:00,"üî• MUST WATCH: President Trump's roast at the annual Alfred E. Smith Memorial Foundation Dinner

(Kamala skipped it because she's a coward) https://t.co/m5GcbkYP9y",28583,6472,1493
2024-10-18 21:18:23+00:00,"RT @TeamTrump: GEORGIA ‚Äî early voting is currently UNDERWAY!

Get out and VOTE for President Trump! https://t.co/MtFInm5ID4",0,3245,0
2024-10-18 18:31:29+00:00,"GEORGIA ‚Äî early voting is currently UNDERWAY!

Get out and VOTE for President Trump! https://t.co/MtFInm5ID4",13718,3245,753
2024-10-18 21:17:34+00:00,"RT @TeamTrump: MICHIGAN! Are you registered to vote? 

The deadline is coming up soon! 

Don‚Äôt miss out on the most pivotal election of our lifetime. 

Visit https://t.co/vG0nP7EghA 

#TooBigToRig #SwampTheVote https://t.co/4qnPvOZnNi",0,2894,0
2024-10-18 21:01:36+00:00,"MICHIGAN! Are you registered to vote? 

The deadline is coming up soon! 

Don‚Äôt miss out on the most pivotal election of our lifetime. 

Visit https://t.co/vG0nP7EghA 

#TooBigToRig #SwampTheVote https://t.co/4qnPvOZnNi",10886,2894,664
2024-12-31 19:41:44+00:00,MAKE AMERICA GREAT AGAIN! https://t.co/IirB0lIah7,432397,63003,29358
2024-10-17 19:52:07+00:00,"RT @TeamTrump: üö® NORTH CAROLINA! 

The future of our country is in your hands‚Äîearly voting has started! 

Don‚Äôt wait for Election Day, vote now and help decide the direction of our nation. 

https://t.co/dh5K9rlL29 https://t.co/xjhpAmUVPe",0,4545,0
2024-10-17 18:34:05+00:00,"üö® NORTH CAROLINA! 

The future of our country is in your hands‚Äîearly voting has started! 

Don‚Äôt wait for Election Day, vote now and help decide the direction of our nation. 

https://t.co/dh5K9rlL29 https://t.co/xjhpAmUVPe",16916,4545,1790
2024-10-17 19:37:36+00:00,RT @SimingtonFCC: Interesting. ü§î Big if true. Will look into it. https://t.co/M2JHHYKOc6,0,2223,0
2024-10-16 20:32:56+00:00,Interesting. ü§î Big if true. Will look into it. https://t.co/M2JHHYKOc6,9444,2223,794
2024-10-17 03:20:53+00:00,"Great job by Bret Baier in his Interview with Lyin‚Äô Kamala Harris. She has a massive and irredeemable case of TRUMP DERANGEMENT SYNDROME - So bad, in fact, that she is barely able to talk about any subject other than the man who had the best economy ever, the strongest border in history, and who just got the UNANIMOUS ENDORSEMENT OF THE U.S. Border Patrol, ME! Their Endorsement was a TREMENDOUS HONOR!!! They said that Comrade Kamala did a terrible job, the absolute worst in memory, and can‚Äôt be allowed to do it again. She is also the WORST Vice President in history, but hopefully will soon be GONE. Again, congratulations to Bret Baier on a tough but very fair interview, one that clearly showed how totally incompetent Kamala is. For the good of our Nation, her inferior Cognitive ability must be tested at once!",333989,53850,16866
2024-10-17 03:19:38+00:00,RT @TrumpWarRoom: üö® OUR NEWEST AD JUST DROPPED https://t.co/jX9MMQRHuv,0,17673,0
2024-10-16 23:26:52+00:00,üö® OUR NEWEST AD JUST DROPPED https://t.co/jX9MMQRHuv,77407,17673,6196
2024-10-16 23:18:31+00:00,‚ÄúKAMALA WOULDN‚ÄôT CHANGE A THING‚Äù https://t.co/0PYlKxh1LT,126022,31266,8030
2024-10-16 20:15:46+00:00,"RT @TeamTrump: üö® Get out and vote, ARIZONA! 

Don't wait until Election Day - the stakes are too high to take the risk!

This is the most important election of our lifetime, so #VoteEarly and help make this victory #TooBigtoRig! 

https://t.co/cKfoUGOr4B https://t.co/pM4wgGpdp6",0,4356,0
2024-10-16 20:12:10+00:00,"üö® Get out and vote, ARIZONA! 

Don't wait until Election Day - the stakes are too high to take the risk!

This is the most important election of our lifetime, so #VoteEarly and help make this victory #TooBigtoRig! 

https://t.co/cKfoUGOr4B https://t.co/pM4wgGpdp6",16263,4356,1392
2024-10-16 20:15:33+00:00,"Kamala‚Äôs support is collapsing with Black voters. Inflation is hell. Worse, their cities are being used as illegal alien dumping grounds. If Kamala gets 4 more years, the Black Community loses its political power forever because their neighborhoods will all be majority migrant.",278510,43787,11115
2024-10-16 18:17:46+00:00,https://t.co/mL03VCAWDy,139324,31194,5106
2024-10-16 14:16:06+00:00,"This Saturday, October 19, 2024, is the 40th Anniversary of the Martyrdom of Father Jerzy Popie≈Çuszko, a truly great Catholic priest, who was the source of tremendous spiritual strength for the Polish Solidarity Movement and, indeed, the entire nation of Poland, in the 1980s. Yesterday, in Chicago, I was honored to sign a Commemoration about this solemn anniversary and present it to Father Jerzy‚Äôs nephew, Marek Popie≈Çuszko, as well as receive from him a book of Father Jerzy‚Äôs sermons and other beautiful mementos to remember the life of this extraordinary man of heroic virtue.",95852,18372,4627
2024-10-16 02:32:55+00:00,"THANK YOU, GEORGIA! #TRUMP2024 https://t.co/9yf7vMUFpw",184524,27602,6545
2024-10-15 23:04:19+00:00,Today‚Äôs the day! @WorldLibertyFi token sale is live. Get your $WLFI tokens now. Purchase $WLFI here: https://t.co/jg1tOaHHBy https://t.co/j8ewxa13wp,45055,8277,8172
2024-10-15 15:56:11+00:00,"RT @TeamTrump: üö®¬†GEORGIA! Early voting has started! 

This is the most important election of our lifetime.

Whether you're voting in person or sending in your absentee ballot, make sure your voice is heard.¬†Let's make it #TooBigToRig!

https://t.co/1B6VUcO6YK

#EarlyVote #SwampTheVote https://t.co/vOxm75ZZxy",0,4530,0
2024-10-15 14:59:49+00:00,"üö®¬†GEORGIA! Early voting has started! 

This is the most important election of our lifetime.

Whether you're voting in person or sending in your absentee ballot, make sure your voice is heard.¬†Let's make it #TooBigToRig!

https://t.co/1B6VUcO6YK

#EarlyVote #SwampTheVote https://t.co/vOxm75ZZxy",17147,4530,1618
2024-10-15 05:04:50+00:00,https://t.co/FnRfEOo2Tt,191617,44002,5821
2024-10-14 22:07:22+00:00,"RT @nelkboys: Donald Trump Calls Out Kamala Over FAKE Interview, Talks Joe Rogan, and Why He HATES Jimmy Kimmel! https://t.co/fhb2xHq3CN",0,5694,0
2024-10-14 19:02:00+00:00,"Donald Trump Calls Out Kamala Over FAKE Interview, Talks Joe Rogan, and Why He HATES Jimmy Kimmel! https://t.co/fhb2xHq3CN",24255,5694,1391
2024-10-14 19:18:39+00:00,COMING TO A TV NEAR YOU‚Ä¶ https://t.co/FoYIoEgVGj,131249,32062,6841
2024-10-14 15:23:21+00:00,"I believe it is very important that Kamala Harris pass a test on Cognitive Stamina and Agility. Her actions have led many to believe that there could be something very wrong with her. Even 60 Minutes and CBS, in order to protect Lyin‚Äô Kamala, illegally and unscrupulously replaced an answer she had given, which was totally ‚Äúbonkers,‚Äù with another answer that had nothing to do with the question asked. Also, she is slow and lethargic in answering even the easiest of questions. We just went through almost four years of that, we shouldn‚Äôt have to do it again!",297002,49341,26519
2024-10-14 04:55:18+00:00,"A GREAT HONOR, THANK YOU! https://t.co/lPoC0uQw6d",155101,25980,5227
2024-10-14 00:27:09+00:00,"Thank you to the 16,000 Border Patrol Officers for your COMPLETE ENDORSEMENT and SUPPORT! https://t.co/JWt4sAC6jT",327954,53106,7958
2024-10-13 23:56:57+00:00,"THANK YOU, ARIZONA! https://t.co/YnlmfHHt9M",167568,22609,4531
2024-10-13 18:22:41+00:00,"After all we have been through TOGETHER, we stand on the verge of the 4 GREATEST years in the HISTORY of our COUNTRY. With your help from now until Election Day, we will redeem America‚Äôs Promise, and we will take back the NATION that we LOVE. November 5th will be the most important day in the HISTORY of our COUNTRY! https://t.co/eqJRGnYkeh",218423,42845,9298
2024-12-31 19:41:44+00:00,MAKE AMERICA GREAT AGAIN! https://t.co/IirB0lIah7,432397,63003,29358
2024-10-13 17:58:05+00:00,"A beautiful evening in Coachella, California last night. Thank you! https://t.co/zTbN7zpAWl",261227,31607,8890
2024-10-13 17:42:51+00:00,RT @nelkboys: This should be the first women president of the United States https://t.co/QRWwbs0BT5,0,8335,0
2024-08-26 17:11:12+00:00,This should be the first women president of the United States https://t.co/QRWwbs0BT5,53161,8335,2503
2024-10-13 05:57:54+00:00,WE WILL NOT HAVE A WOKE MILITARY! https://t.co/zpWZhSKcEs,276043,43664,13781
2024-10-13 03:17:50+00:00,"THANK YOU, CALIFORNIA! https://t.co/yfea57Tu8H",214082,29895,6410
2024-10-12 19:52:30+00:00,üö®üìàNEW CPI DATAüìàüö® https://t.co/5WdYRcSmWv,149020,43507,9250
2024-10-12 19:07:43+00:00,".@WorldLibertyFi Token Sale goes live on Tuesday morning, October 15th! This is YOUR chance to help shape the future of finance. Be there on Monday, October 14th at 8 AM EST for an Exclusive Spaces to learn more. Join the whitelist today and be ready for Tuesday: https://t.co/1dXXsJEuZn",39052,7395,6740
2024-10-12 14:52:15+00:00,https://t.co/4Qpp2LZgTe,79205,11503,3682
2024-10-12 14:44:56+00:00,Wonderful podcast!,73370,10520,2712
2024-10-11 18:48:40+00:00,"Melania Trump joins me on Some Future Day.  

Watch Here: https://t.co/yqeT10HotZ https://t.co/kj7IRdizcU",4995,1272,371
2024-10-12 03:07:58+00:00,"THANK YOU, NEVADA! https://t.co/6EOO4H7muY",155787,21683,4269
2024-10-12 03:03:50+00:00,"From the very beginning of this journey, I have been on a mission to rescue our nation from a failed and corrupt political establishment. 

I will NEVER QUIT, I will NEVER BEND, I will NEVER BREAK, and I will NEVER YIELD, not even in the face of death itself! https://t.co/K1XyaB6wzn",304871,60242,17609
2024-10-12 02:56:22+00:00,"THANK YOU, COLORADO! https://t.co/RPzwWEkjX2",153348,20044,4213
2024-10-11 22:37:00+00:00,"We are now known, all throughout the world, as OCCUPIED AMERICA...But to everyone here in Colorado and all across our nation, I make you this vow: November 5th, 2024 will be LIBERATION DAY in America. I will rescue Aurora and every town that has been invaded and conquered‚Äîand we will put these vicious and bloodthirsty criminals in jail or kick them the hell OUT OF OUR COUNTRY.

In honor of Jocelyn Nungaray, Laken Riley, Rachel Morin, and all of the others that are dead and mortally wounded at the hands of migrants who should never have been allowed into our Country, I am announcing today that upon taking office, we will have an OPERATION AURORA at the Federal Level. To expedite removals of this savage gang, I will invoke the Alien Enemies Act of 1798 to target and dismantle every migrant criminal network operating on American Soil. 

No person who has inflicted the violence and terror that Kamala Harris has inflicted on this community can EVER be allowed to become President of the United States!",246005,52998,16823
2024-10-11 19:43:24+00:00,"LIVE: Trump Rally in Aurora, #Colorado https://t.co/8lIYs46lxh",85353,16848,5049
2024-10-11 18:43:45+00:00,"‚ÄúAMERICA IS BEING INVADED‚ÄîEND THE OCCUPATION, LIBERATE AMERICA!‚Äù

https://t.co/czQRkZmYUH https://t.co/AORfYwBDjR",123294,32819,9587
2024-10-11 12:22:00+00:00,https://t.co/GdWF70dzsb,67566,16558,3302
2024-10-11 06:20:46+00:00,"As president, I will bring back the border security bill that Donald Trump tanked, and I will sign it into law‚Äîand I will do the work to create an orderly and humane pathway to earned citizenship for hardworking people. https://t.co/wDG8NAjBR6",13045,3334,11320
2024-10-11 02:43:37+00:00,https://t.co/rE1XgzSySJ,209141,41451,18928
2024-10-11 02:40:20+00:00,https://t.co/l50rLCJwhY,77180,22227,3071
2024-10-11 02:39:23+00:00,https://t.co/2cOIJCHXgJ,65709,15615,2180
2024-10-11 02:34:09+00:00,"The Trump-endorsed Senate Candidate in Arizona, @KariLake, crushed her Liberal Democrat Opponent last night, Radical Ruben Gallego. Kari will help me Secure our Border, Stop Inflation, and MAKE AMERICA GREAT AGAIN! In-person and absentee voting has now started in Arizona, so get out and VOTE!",137246,30098,4554
2024-10-11 02:08:35+00:00,‚ÄúHARRIS WILL BAN ALL FRACKING‚Äù https://t.co/ug8OjwsnvU,67759,15748,5121
